url_length,num_dots,num_hyphens,num_at,num_question,num_ampersand,num_digits,has_https,has_ip,subdomain_count,path_length,entropy,tld_suspicious,domain_age_days,label
102,7,2,2,1,3,5,1,1,2,37,3.963,1,11,1
50,1,1,0,0,1,3,1,0,0,6,2.714,0,1956,0
111,6,2,1,4,3,11,0,0,5,36,4.234,1,48,1
38,1,0,0,1,2,0,1,0,0,19,3.317,0,3473,0
85,8,7,2,4,4,14,1,1,4,100,5.48,0,149,1
150,3,5,0,3,4,8,1,1,2,81,3.676,1,36,1
26,3,0,0,1,2,2,1,0,0,3,3.738,0,4083,0
73,8,7,0,2,3,8,0,1,3,85,3.782,0,35,1
59,2,1,0,0,2,4,1,0,1,21,3.558,0,1078,0
181,4,7,0,4,1,12,0,0,2,87,3.531,0,142,1
38,3,0,0,0,1,0,1,0,0,23,3.801,0,4497,0
160,3,7,2,4,5,10,1,0,4,88,3.839,1,177,1
140,6,6,0,4,2,5,1,1,4,113,3.709,0,155,1
48,2,0,0,0,2,4,1,0,0,21,3.962,0,4157,0
44,1,1,0,0,2,2,1,0,1,7,3.992,0,3924,0
54,2,0,0,0,2,2,1,0,0,21,3.309,0,3902,0
18,2,0,0,0,1,3,1,0,0,9,3.388,0,4852,0
16,2,1,0,0,1,2,1,0,0,3,2.773,0,4515,0
68,3,5,2,2,4,4,0,0,3,61,5.155,0,170,1
55,3,3,1,4,2,8,1,0,2,58,5.37,1,76,1
49,1,1,0,0,2,4,1,0,1,14,3.495,0,4206,0
146,3,6,1,1,2,11,0,1,3,60,5.009,1,69,1
135,9,2,1,4,5,4,1,1,4,117,3.91,1,169,1
30,2,1,0,0,0,3,1,0,0,29,3.224,0,4009,0
58,3,4,1,2,1,4,0,1,3,31,4.669,1,51,1
45,3,0,0,0,2,2,1,0,0,7,3.545,0,1284,0
163,5,4,0,4,5,12,1,1,2,93,4.374,1,88,1
43,2,0,0,0,1,0,1,0,0,1,2.838,0,2231,0
18,2,0,0,0,1,3,1,0,1,23,2.589,0,2608,0
49,2,0,0,0,0,4,1,0,1,13,3.323,0,3234,0
25,2,0,0,0,0,1,1,0,1,10,3.954,0,4998,0
19,1,1,0,0,0,2,1,0,0,14,3.189,0,786,0
51,3,0,0,1,2,3,1,0,1,29,2.734,0,1672,0
49,3,0,0,0,2,0,1,0,1,6,3.265,0,760,0
56,3,0,0,0,2,4,1,0,1,1,3.702,0,3581,0
55,1,1,0,1,0,0,1,0,0,16,3.096,0,2799,0
109,8,3,0,3,3,11,1,1,5,20,3.808,1,12,1
85,3,5,1,4,1,11,1,1,2,42,4.134,1,48,1
39,2,0,0,0,0,4,1,0,0,8,3.256,0,3764,0
45,3,0,0,0,2,0,1,0,0,20,2.682,0,4650,0
57,2,1,0,1,1,4,1,0,0,6,3.963,0,3797,0
174,9,3,2,4,4,11,0,1,3,70,3.962,1,41,1
27,1,1,0,1,0,1,1,0,1,24,2.849,0,4588,0
16,1,1,0,1,1,2,1,0,0,15,3.361,0,1918,0
88,7,5,2,3,4,6,0,1,2,70,3.503,1,97,1
16,3,1,0,0,2,1,1,0,0,0,3.271,0,3727,0
49,3,1,0,0,0,4,1,0,1,18,3.371,0,1961,0
39,1,0,0,0,1,4,1,0,1,21,2.899,0,2799,0
28,3,0,0,0,0,2,1,0,1,22,2.568,0,1718,0
101,8,5,2,2,4,5,0,1,5,71,4.813,1,18,1
178,6,6,2,2,3,14,1,1,4,85,3.894,1,39,1
56,3,0,0,1,1,1,1,0,0,2,3.511,0,4438,0
105,4,3,1,3,4,3,0,0,4,115,3.795,0,22,1
53,3,1,0,0,2,1,1,0,0,11,3.298,0,4768,0
34,3,1,0,1,1,1,1,0,1,22,3.774,0,3295,0
104,5,7,2,3,1,5,0,0,2,41,3.695,0,169,1
138,7,2,0,1,3,9,0,1,2,73,3.659,1,100,1
50,5,3,1,3,2,14,1,0,4,34,3.527,1,145,1
136,5,2,2,2,4,13,0,0,5,91,4.587,1,117,1
48,1,1,0,0,2,2,1,0,0,9,3.74,0,3545,0
80,9,3,2,1,4,12,1,1,3,42,4.008,1,131,1
37,3,1,0,1,2,4,1,0,0,28,2.955,0,543,0
86,4,5,1,2,3,9,0,1,3,112,5.13,1,173,1
42,1,1,0,1,2,4,1,0,1,16,3.598,0,823,0
147,6,6,1,4,4,12,0,0,3,23,3.928,1,28,1
119,7,7,2,1,5,5,1,1,4,98,4.788,1,147,1
34,2,0,0,1,1,0,1,0,1,13,3.81,0,4151,0
57,9,3,0,4,1,7,1,1,2,71,4.813,1,87,1
53,3,1,0,1,2,2,1,0,1,9,2.709,0,2400,0
157,4,5,2,2,1,6,0,0,5,20,4.103,1,133,1
64,3,5,1,2,2,12,0,1,3,35,4.784,0,147,1
37,2,1,0,1,1,3,1,0,1,17,2.863,0,1376,0
90,3,5,0,3,5,8,0,1,3,57,3.884,0,56,1
26,3,0,0,0,1,4,1,0,1,22,3.861,0,4777,0
32,2,1,0,1,0,3,1,0,0,9,3.106,0,541,0
50,1,1,0,1,2,2,1,0,1,13,3.219,0,2269,0
64,8,5,1,1,1,6,0,1,4,33,3.721,1,34,1
47,1,0,0,0,1,4,1,0,0,8,3.171,0,1541,0
58,2,0,0,0,1,3,1,0,1,10,2.805,0,2819,0
67,4,6,0,2,1,3,0,0,5,106,3.655,1,138,1
35,2,0,0,0,0,3,1,0,0,18,3.954,0,1621,0
39,1,1,0,0,2,0,1,0,1,19,3.874,0,2289,0
70,5,3,0,4,5,5,0,0,5,40,4.117,1,124,1
183,8,2,2,4,1,13,1,1,3,34,4.957,1,167,1
54,9,6,2,3,4,13,1,1,4,89,4.449,0,87,1
136,6,6,0,4,1,9,0,1,3,46,5.179,1,5,1
147,4,6,2,3,4,6,0,1,3,86,3.85,1,79,1
50,2,0,0,1,2,2,1,0,1,14,3.624,0,2775,0
16,1,1,0,0,0,3,1,0,1,21,3.772,0,678,0
83,3,2,0,4,2,14,1,0,4,65,3.797,1,104,1
53,4,7,0,2,3,3,0,1,2,115,4.44,0,15,1
99,9,5,1,3,3,14,1,1,2,111,4.312,1,2,1
51,2,0,0,0,2,2,1,0,1,4,3.901,0,1373,0
59,3,1,0,1,1,2,1,0,0,20,3.299,0,4365,0
69,5,3,2,4,1,11,0,1,5,86,5.425,0,164,1
59,4,5,0,4,1,11,1,0,5,103,3.795,1,29,1
40,2,1,0,1,0,3,1,0,0,22,3.984,0,1815,0
195,7,4,1,2,1,7,0,1,2,74,3.788,1,46,1
190,6,5,1,4,1,4,0,0,5,33,4.622,1,97,1
182,5,3,1,3,1,3,0,1,3,41,4.28,1,45,1
16,3,0,0,0,0,3,1,0,1,11,2.862,0,1804,0
15,1,1,0,0,2,3,1,0,1,7,3.009,0,469,0
59,1,0,0,1,0,0,1,0,0,28,3.125,0,1745,0
110,8,2,1,3,4,12,0,0,2,104,3.886,1,40,1
20,2,0,0,1,1,0,1,0,0,1,3.17,0,4576,0
49,2,0,0,1,2,1,1,0,0,10,3.049,0,4381,0
34,1,0,0,1,2,2,1,0,1,26,3.429,0,1017,0
50,2,0,0,1,2,4,1,0,1,29,3.481,0,2504,0
39,1,0,0,1,1,2,1,0,0,12,2.908,0,3073,0
57,2,1,0,0,2,2,1,0,0,16,2.816,0,2918,0
32,3,0,0,1,2,0,1,0,0,1,3.634,0,1136,0
69,4,3,1,3,4,6,0,1,3,44,3.551,1,41,1
57,2,1,0,0,2,0,1,0,1,3,3.379,0,3413,0
151,8,3,0,1,5,7,1,0,4,27,5.341,1,19,1
17,2,1,0,0,1,1,1,0,0,11,3.859,0,1496,0
27,1,0,0,0,2,0,1,0,0,21,2.782,0,547,0
151,9,2,0,1,5,8,0,0,5,65,4.898,1,74,1
28,1,0,0,1,1,3,1,0,0,27,3.888,0,3909,0
17,3,1,0,1,2,0,1,0,0,22,2.978,0,2406,0
76,9,5,2,2,1,3,0,1,2,77,5.134,1,29,1
146,8,7,1,4,3,12,1,1,4,115,4.134,1,2,1
50,2,0,0,0,1,2,1,0,1,16,3.731,0,1095,0
69,7,6,2,4,2,9,0,0,3,31,4.997,1,115,1
35,2,1,0,1,0,4,1,0,1,29,2.735,0,2070,0
27,2,0,0,0,2,1,1,0,1,8,3.486,0,4258,0
134,8,7,2,1,2,7,0,1,2,106,4.728,1,151,1
15,3,1,0,0,1,2,1,0,1,9,3.141,0,2921,0
16,1,0,0,0,1,4,1,0,0,25,2.52,0,1305,0
57,3,5,1,1,3,6,0,1,4,98,4.04,0,105,1
59,3,1,0,1,0,2,1,0,0,27,2.587,0,1572,0
62,9,5,0,3,1,13,0,0,2,68,4.561,1,130,1
86,5,6,0,2,4,14,0,0,3,20,5.005,1,132,1
26,2,1,0,0,1,1,1,0,0,9,3.589,0,1327,0
35,2,0,0,1,0,3,1,0,1,5,3.757,0,591,0
18,3,1,0,0,2,2,1,0,1,26,2.633,0,483,0
179,7,4,0,4,4,5,0,1,4,21,4.996,0,78,1
158,5,7,2,1,5,6,0,1,4,98,4.575,1,107,1
65,6,3,1,1,4,9,1,0,2,41,3.855,0,38,1
152,3,2,2,1,5,13,1,1,3,114,4.006,1,66,1
135,4,3,1,2,1,9,0,0,2,55,4.728,1,133,1
153,9,2,2,1,4,6,1,1,3,105,5.432,1,10,1
35,3,1,0,1,1,2,1,0,0,8,3.34,0,4232,0
126,7,6,1,2,1,13,0,0,3,92,4.288,1,133,1
58,2,1,0,1,2,0,1,0,1,4,3.25,0,2155,0
121,3,3,2,3,1,11,1,0,5,80,4.671,1,127,1
32,3,0,0,1,2,0,1,0,1,29,3.855,0,3289,0
40,2,1,0,1,2,4,1,0,0,4,2.645,0,1506,0
104,6,2,0,4,5,14,0,0,3,47,4.604,1,48,1
51,3,0,0,1,2,2,1,0,1,8,3.086,0,805,0
40,2,1,0,1,2,0,1,0,0,21,3.278,0,3073,0
138,4,7,2,1,5,14,0,1,5,69,5.036,1,27,1
58,3,0,0,0,0,1,1,0,1,11,3.662,0,3539,0
15,3,1,0,0,2,2,1,0,0,21,3.81,0,3968,0
122,6,3,2,4,1,11,1,0,5,28,3.55,1,134,1
40,1,0,0,1,0,2,1,0,1,11,3.308,0,1376,0
17,3,0,0,1,0,4,1,0,1,29,3.044,0,3942,0
41,1,0,0,0,0,4,1,0,1,25,3.576,0,2763,0
76,6,7,2,4,2,6,1,1,2,42,3.593,1,98,1
28,2,0,0,1,1,0,1,0,0,13,2.739,0,2460,0
100,4,2,0,4,5,12,1,0,3,32,4.624,1,141,1
23,1,1,0,0,0,1,1,0,1,11,3.686,0,709,0
34,1,1,0,0,1,0,1,0,1,28,2.526,0,4872,0
39,2,1,0,1,2,2,1,0,0,5,3.31,0,2555,0
134,5,2,0,3,5,13,1,1,4,117,5.057,1,5,1
169,5,7,1,1,3,12,0,1,3,102,4.287,1,167,1
131,9,6,2,1,1,3,0,1,3,23,3.733,0,104,1
79,3,4,1,2,2,14,0,1,5,36,3.856,0,88,1
71,9,6,2,3,5,14,0,0,3,112,3.84,1,166,1
28,2,1,0,0,1,2,1,0,0,29,3.928,0,4233,0
196,8,5,2,2,5,3,0,0,5,84,5.271,1,19,1
169,4,6,2,2,3,10,1,1,5,96,4.943,0,7,1
19,3,0,0,0,2,1,1,0,1,11,2.582,0,4953,0
165,9,5,1,2,2,11,0,0,4,79,4.395,0,19,1
68,8,3,2,2,3,8,0,1,2,47,3.808,1,10,1
44,3,1,0,1,0,3,1,0,0,10,3.512,0,4188,0
121,5,3,0,3,4,11,0,0,5,98,4.773,1,126,1
35,1,1,0,0,2,4,1,0,1,20,2.619,0,1533,0
146,6,7,0,4,5,3,0,0,3,114,5.028,1,125,1
37,3,1,0,1,0,4,1,0,0,8,2.772,0,4131,0
182,6,7,0,2,5,10,0,1,3,70,3.728,1,58,1
160,9,2,2,3,5,11,0,1,5,89,4.121,1,132,1
58,2,0,0,1,0,0,1,0,0,25,3.231,0,456,0
100,8,4,1,4,3,5,1,0,3,20,3.72,1,92,1
120,7,2,1,2,4,6,1,0,5,112,5.235,0,162,1
49,3,1,0,0,0,2,1,0,0,23,3.259,0,3732,0
54,2,1,0,1,0,3,1,0,1,10,2.522,0,4135,0
170,5,2,0,3,2,8,0,0,5,49,4.363,1,49,1
145,4,4,1,1,5,14,1,0,5,96,4.804,1,176,1
168,7,6,1,2,5,6,1,1,3,106,3.503,1,44,1
170,6,3,2,2,5,3,0,0,2,36,5.315,1,59,1
33,2,0,0,1,1,2,1,0,0,12,2.703,0,559,0
39,2,0,0,1,2,1,1,0,1,20,2.688,0,1134,0
135,4,5,2,3,5,9,1,1,3,96,3.79,1,137,1
38,3,1,0,1,2,1,1,0,0,17,3.65,0,3405,0
24,2,0,0,1,1,3,1,0,0,9,3.439,0,2854,0
17,2,1,0,0,2,1,1,0,1,15,3.0,0,1726,0
169,5,6,2,4,5,9,0,1,5,72,3.645,1,125,1
43,3,0,0,1,1,1,1,0,0,16,3.735,0,1084,0
22,3,0,0,1,2,4,1,0,0,1,3.663,0,716,0
164,6,6,1,1,5,13,1,1,3,80,4.167,1,74,1
187,4,4,0,3,5,6,1,0,4,111,4.497,1,54,1
37,1,0,0,0,2,1,1,0,0,22,2.585,0,590,0
16,2,0,0,0,2,1,1,0,1,12,3.425,0,1501,0
28,2,0,0,1,2,1,1,0,1,29,3.722,0,3533,0
32,2,1,0,1,2,4,1,0,0,28,3.916,0,609,0
20,1,0,0,1,0,0,1,0,1,1,3.504,0,2840,0
165,4,5,1,2,3,3,0,0,3,72,4.2,1,159,1
152,4,5,2,3,2,11,1,1,2,97,5.377,0,24,1
32,2,0,0,0,0,4,1,0,0,28,3.228,0,3845,0
38,1,1,0,1,1,2,1,0,0,15,3.698,0,3637,0
146,3,7,0,4,5,14,1,0,4,110,4.931,1,154,1
21,2,0,0,1,1,0,1,0,1,26,3.559,0,1905,0
25,1,1,0,1,0,0,1,0,0,5,3.454,0,2375,0
32,2,1,0,1,1,2,1,0,0,24,3.79,0,4562,0
15,3,0,0,0,0,1,1,0,0,10,3.616,0,2573,0
82,5,4,2,2,4,6,0,1,2,94,4.77,1,56,1
133,4,5,1,2,5,3,0,1,5,36,4.442,1,35,1
15,1,0,0,1,2,4,1,0,1,27,3.068,0,1807,0
44,1,0,0,0,0,2,1,0,1,23,3.645,0,450,0
126,9,5,0,3,1,11,1,1,4,31,4.893,1,172,1
33,3,0,0,0,0,4,1,0,0,29,3.303,0,4597,0
26,1,0,0,0,2,1,1,0,0,22,3.205,0,2292,0
31,1,0,0,0,1,2,1,0,1,0,3.1,0,3171,0
157,9,7,0,4,5,11,1,0,2,50,4.939,1,44,1
73,9,5,1,1,5,6,0,0,3,51,4.016,1,177,1
171,8,3,0,3,5,8,1,0,2,94,5.268,1,104,1
50,3,1,0,1,1,4,1,0,1,20,2.724,0,636,0
45,2,1,0,1,2,3,1,0,0,5,3.963,0,2916,0
111,6,6,0,4,5,7,1,1,5,21,3.752,1,146,1
36,1,1,0,0,2,4,1,0,0,1,3.092,0,1140,0
161,8,7,0,4,5,12,1,0,4,55,5.093,0,68,1
21,3,0,0,0,0,0,1,0,0,16,3.319,0,3703,0
113,6,4,1,1,1,6,0,1,2,58,3.874,1,107,1
179,7,5,0,2,5,3,1,0,4,79,5.217,1,58,1
50,5,3,1,2,3,8,1,1,3,58,5.159,0,71,1
32,2,1,0,1,1,0,1,0,0,3,3.054,0,2139,0
40,2,1,0,0,2,3,1,0,1,18,2.58,0,3513,0
40,2,0,0,0,2,0,1,0,0,18,3.79,0,4344,0
130,4,5,2,2,1,10,0,0,5,92,5.457,1,74,1
38,3,1,0,0,0,1,1,0,0,25,2.508,0,3414,0
25,2,1,0,1,0,2,1,0,0,13,2.898,0,3190,0
111,5,6,2,1,2,8,0,0,5,116,3.728,1,62,1
22,2,0,0,0,2,2,1,0,1,14,3.863,0,1885,0
40,1,1,0,0,1,1,1,0,1,18,2.803,0,3272,0
149,6,4,1,2,1,14,0,0,5,118,3.881,1,173,1
18,1,1,0,0,2,2,1,0,0,3,3.314,0,2199,0
58,2,1,0,0,1,2,1,0,1,0,2.518,0,623,0
174,6,2,0,3,2,9,0,1,4,58,5.329,0,113,1
27,2,1,0,0,2,0,1,0,1,7,2.849,0,2237,0
132,8,6,2,1,3,12,0,1,3,66,4.526,1,148,1
53,2,0,0,0,0,0,1,0,0,3,2.912,0,3574,0
46,3,0,0,1,1,3,1,0,1,19,3.279,0,3156,0
138,3,5,0,1,2,12,0,0,4,52,4.179,1,85,1
23,3,0,0,1,0,2,1,0,0,9,3.118,0,813,0
68,8,3,0,4,1,10,0,0,2,101,3.577,1,78,1
25,2,0,0,1,1,4,1,0,1,23,3.617,0,1246,0
31,3,0,0,1,2,1,1,0,1,11,3.722,0,4605,0
17,1,0,0,1,0,0,1,0,0,1,3.509,0,4468,0
165,7,7,0,1,5,4,0,1,2,56,3.575,1,142,1
126,3,2,2,4,4,6,1,1,3,46,5.157,1,176,1
24,2,0,0,0,0,0,1,0,1,0,3.931,0,1081,0
149,9,3,1,2,4,9,0,1,4,87,5.226,1,136,1
44,2,1,0,0,2,2,1,0,0,1,3.025,0,1324,0
198,7,3,0,2,5,11,1,1,3,54,4.733,0,25,1
58,3,0,0,0,1,0,1,0,1,21,2.699,0,3502,0
150,3,5,0,2,3,3,0,1,3,90,4.493,1,166,1
59,3,0,0,0,1,1,1,0,1,27,2.839,0,2188,0
19,1,1,0,0,2,0,1,0,0,2,3.396,0,1961,0
37,2,1,0,1,1,1,1,0,0,4,3.782,0,3417,0
53,2,0,0,0,2,1,1,0,0,14,2.738,0,4561,0
85,5,7,0,3,1,6,1,0,2,85,4.898,0,44,1
66,9,6,2,2,1,3,0,0,3,99,3.864,1,154,1
27,3,1,0,1,2,0,1,0,1,12,2.822,0,1994,0
68,4,5,0,2,1,9,1,1,5,93,3.888,0,22,1
196,7,2,0,2,1,9,0,0,3,86,4.33,0,153,1
50,8,3,2,4,3,4,1,1,2,65,3.828,0,153,1
26,2,1,0,1,0,3,1,0,1,13,3.677,0,4900,0
44,2,0,0,0,2,2,1,0,1,24,3.056,0,3815,0
167,8,4,1,2,2,9,0,1,3,71,4.17,1,91,1
55,3,1,0,1,0,3,1,0,1,18,3.712,0,1365,0
141,4,7,2,4,1,8,0,1,5,50,4.913,1,156,1
191,6,2,1,1,4,7,1,1,2,35,3.617,0,105,1
31,3,1,0,1,1,3,1,0,0,12,2.673,0,1311,0
140,8,4,2,2,3,6,1,0,3,57,4.192,1,103,1
79,4,4,1,2,5,8,0,0,2,37,4.342,0,27,1
23,3,1,0,1,2,3,1,0,0,25,3.448,0,3505,0
41,3,1,0,0,2,1,1,0,1,23,3.322,0,4091,0
161,4,3,2,1,4,13,0,1,2,109,4.254,1,147,1
42,1,0,0,1,2,4,1,0,1,17,3.125,0,2203,0
59,2,1,0,0,1,0,1,0,1,8,2.78,0,4210,0
53,6,3,2,4,2,4,0,1,3,76,4.76,0,67,1
150,6,7,1,4,3,8,0,1,2,80,3.756,1,143,1
69,4,4,1,2,2,4,0,1,3,105,4.281,1,164,1
76,3,2,0,1,2,14,1,1,2,103,4.833,1,80,1
29,3,1,0,1,2,4,1,0,1,20,3.708,0,2439,0
52,2,1,0,0,0,2,1,0,1,14,3.478,0,2869,0
48,2,1,0,1,0,4,1,0,0,0,3.932,0,4435,0
184,9,7,0,1,5,5,0,0,4,119,3.645,1,68,1
180,8,6,2,2,4,4,0,0,4,55,4.302,1,85,1
49,1,0,0,0,2,2,1,0,1,28,3.59,0,3972,0
32,1,0,0,0,0,1,1,0,0,28,2.834,0,3296,0
41,1,0,0,0,1,0,1,0,0,0,2.521,0,4978,0
82,7,6,0,1,2,8,1,1,3,66,4.691,1,11,1
170,8,3,1,3,1,8,1,0,4,113,4.04,1,16,1
58,3,0,0,1,0,3,1,0,0,1,3.731,0,4515,0
158,7,2,2,1,4,11,1,0,5,71,4.513,1,20,1
110,4,6,1,2,5,5,0,0,2,78,3.752,1,134,1
186,6,2,2,2,3,13,1,0,2,39,4.034,1,113,1
50,3,0,0,1,1,0,1,0,1,21,3.191,0,1162,0
49,1,0,0,1,0,3,1,0,0,13,2.988,0,4352,0
27,3,0,0,0,2,4,1,0,1,7,3.667,0,2985,0
70,7,7,2,2,1,14,0,1,3,109,5.073,1,89,1
137,6,7,1,1,1,10,0,1,4,99,3.674,0,172,1
33,1,1,0,0,1,3,1,0,1,17,3.156,0,2553,0
29,2,0,0,0,1,1,1,0,0,25,2.855,0,2424,0
47,3,0,0,0,2,3,1,0,1,21,3.529,0,3055,0
128,3,7,1,1,3,3,0,0,2,59,4.601,0,140,1
63,4,6,0,3,1,13,0,1,5,38,3.587,0,107,1
116,7,2,2,2,5,6,1,1,2,27,3.826,0,98,1
135,5,7,2,2,2,8,0,0,5,103,4.408,0,61,1
40,1,1,0,0,2,0,1,0,1,20,2.587,0,877,0
109,6,7,1,4,3,4,1,1,5,115,5.246,0,176,1
40,2,1,0,0,0,3,1,0,0,12,3.777,0,3476,0
48,2,1,0,1,1,0,1,0,1,20,2.711,0,3502,0
43,3,0,0,1,1,2,1,0,1,13,3.123,0,4298,0
34,3,1,0,0,2,0,1,0,1,24,3.595,0,4335,0
107,4,6,0,1,1,8,1,1,3,106,5.22,1,17,1
23,2,1,0,0,1,3,1,0,0,27,3.666,0,3844,0
73,3,2,1,4,4,4,0,0,5,78,4.743,0,125,1
32,1,1,0,0,1,2,1,0,1,15,2.977,0,910,0
48,3,0,0,0,0,4,1,0,1,5,3.498,0,2657,0
37,2,0,0,1,1,4,1,0,1,15,3.163,0,1974,0
53,7,5,2,2,3,11,0,0,5,84,4.621,1,85,1
23,2,0,0,0,1,2,1,0,1,7,3.496,0,2518,0
22,1,0,0,0,0,0,1,0,0,25,3.933,0,3686,0
169,7,5,2,3,3,11,1,1,2,108,4.673,0,55,1
34,1,1,0,1,1,0,1,0,0,18,3.269,0,3032,0
21,3,0,0,1,0,3,1,0,1,2,2.778,0,891,0
87,3,7,2,1,1,8,0,0,2,35,3.601,1,91,1
132,9,2,2,1,4,12,0,1,5,118,5.05,1,160,1
181,7,4,1,1,3,6,0,0,4,63,5.012,1,66,1
17,3,1,0,0,0,2,1,0,0,24,3.921,0,2296,0
152,7,5,0,3,1,14,0,1,3,59,4.469,1,175,1
52,1,1,0,0,1,4,1,0,1,23,2.573,0,3738,0
23,3,1,0,0,0,0,1,0,0,7,2.922,0,1709,0
194,8,3,1,4,4,3,0,1,2,71,5.104,1,145,1
39,3,1,0,0,1,3,1,0,0,21,3.778,0,3023,0
171,6,4,1,1,2,3,0,0,3,26,4.973,0,43,1
122,7,2,0,4,3,9,0,1,5,30,4.454,0,145,1
24,3,1,0,1,2,2,1,0,1,24,2.872,0,498,0
20,3,1,0,0,1,0,1,0,1,1,3.013,0,936,0
17,3,1,0,0,2,4,1,0,0,16,3.417,0,615,0
152,3,6,0,4,2,12,0,1,2,36,4.793,0,19,1
97,8,2,2,3,4,3,0,0,4,34,4.083,0,81,1
58,3,0,0,1,0,3,1,0,1,20,3.872,0,4745,0
30,2,0,0,0,2,2,1,0,1,0,2.694,0,705,0
92,7,2,2,1,5,14,1,1,4,87,3.951,1,16,1
171,6,2,2,3,3,13,1,0,2,51,3.556,1,141,1
161,8,6,0,1,4,14,1,1,2,37,4.441,1,74,1
120,4,5,0,2,3,6,1,1,5,89,4.196,1,157,1
43,3,0,0,1,0,4,1,0,0,2,2.52,0,3354,0
35,3,0,0,0,0,2,1,0,1,0,3.606,0,3881,0
59,2,0,0,0,0,1,1,0,0,23,3.95,0,737,0
34,2,0,0,0,2,2,1,0,1,15,3.321,0,3750,0
53,1,1,0,1,1,2,1,0,1,11,3.874,0,1057,0
18,1,0,0,1,2,1,1,0,0,24,3.035,0,3755,0
119,8,3,2,4,1,9,1,0,3,59,4.858,1,144,1
28,1,0,0,0,2,3,1,0,0,14,2.89,0,4173,0
176,5,4,1,3,1,14,0,1,2,83,5.247,1,22,1
57,1,0,0,0,2,0,1,0,0,19,3.606,0,4262,0
113,3,2,0,4,1,10,0,0,4,46,3.93,1,47,1
125,5,5,2,4,1,10,0,1,4,49,3.637,1,18,1
34,1,0,0,0,2,0,1,0,0,12,2.856,0,869,0
101,6,4,1,1,2,9,0,1,4,55,4.092,1,59,1
174,5,6,1,4,5,13,1,0,2,50,3.644,0,38,1
81,4,2,1,2,3,11,0,0,2,91,4.495,0,97,1
43,2,1,0,0,0,0,1,0,1,28,3.299,0,569,0
56,7,3,0,3,3,11,1,0,3,59,3.517,1,71,1
192,5,4,2,3,4,9,1,1,3,108,4.749,1,65,1
79,6,5,2,2,3,12,1,1,5,53,4.422,1,165,1
98,5,2,0,1,5,3,0,1,5,88,3.568,1,19,1
35,1,1,0,0,0,3,1,0,1,24,3.255,0,3340,0
15,2,1,0,0,2,1,1,0,0,10,3.628,0,2278,0
68,3,3,2,4,3,12,0,1,2,58,5.223,1,147,1
183,3,7,1,4,3,5,1,1,4,39,4.394,0,90,1
51,3,0,0,0,0,4,1,0,0,26,3.771,0,2873,0
22,3,0,0,0,1,3,1,0,1,6,3.153,0,4221,0
163,5,2,1,3,3,4,0,1,4,94,4.2,0,153,1
21,2,1,0,0,0,0,1,0,1,14,3.248,0,2521,0
50,8,7,2,2,2,11,0,0,4,64,3.849,0,40,1
186,3,4,0,3,2,12,0,0,5,25,5.217,0,28,1
131,8,7,1,1,3,13,1,0,4,39,3.962,1,75,1
34,3,0,0,1,1,4,1,0,1,21,3.948,0,2107,0
40,2,1,0,0,1,4,1,0,0,1,3.876,0,1151,0
22,2,0,0,1,1,2,1,0,1,2,3.841,0,1191,0
43,2,0,0,1,2,4,1,0,0,16,3.595,0,3967,0
175,5,7,0,4,3,12,0,1,4,100,4.124,0,94,1
144,3,5,1,2,2,14,0,0,4,32,3.548,0,107,1
18,2,1,0,1,1,2,1,0,0,28,3.092,0,3858,0
45,1,0,0,0,1,3,1,0,0,8,2.879,0,3174,0
20,1,0,0,0,0,3,1,0,1,6,3.969,0,4173,0
22,2,1,0,1,0,4,1,0,0,14,2.801,0,572,0
52,3,1,0,1,1,4,1,0,0,15,2.66,0,3811,0
37,2,1,0,1,1,1,1,0,0,14,3.942,0,2659,0
43,3,0,0,0,0,2,1,0,0,16,3.167,0,4294,0
45,1,0,0,0,2,4,1,0,0,13,3.989,0,3399,0
164,9,7,0,1,5,9,1,0,2,69,5.444,1,145,1
19,1,0,0,1,1,2,1,0,0,26,3.864,0,631,0
54,2,1,0,1,1,0,1,0,0,28,2.799,0,587,0
138,9,4,0,1,1,8,1,0,3,25,5.195,1,140,1
54,1,1,0,0,0,4,1,0,0,23,2.889,0,884,0
26,2,1,0,0,0,1,1,0,1,25,3.266,0,2324,0
154,4,4,2,3,3,4,0,1,4,32,3.997,1,170,1
38,1,1,0,0,2,4,1,0,1,27,3.701,0,2043,0
46,2,1,0,1,0,1,1,0,1,3,3.196,0,3110,0
63,9,6,0,4,4,14,1,0,5,109,3.545,0,17,1
35,2,1,0,0,0,4,1,0,1,4,3.939,0,528,0
42,3,1,0,1,1,2,1,0,1,0,3.187,0,3103,0
51,1,0,0,0,1,2,1,0,0,28,2.608,0,717,0
143,4,6,1,4,5,11,1,1,3,88,3.624,1,18,1
15,2,0,0,1,1,0,1,0,0,17,2.755,0,3901,0
23,3,0,0,1,0,4,1,0,0,14,2.623,0,4024,0
100,9,5,2,1,1,4,0,1,3,27,3.672,1,85,1
33,3,1,0,0,2,4,1,0,1,21,3.006,0,1296,0
183,5,7,2,1,2,5,0,0,2,49,3.562,1,38,1
164,8,6,0,1,1,14,1,0,3,67,3.802,0,49,1
110,8,3,1,1,1,8,0,0,3,25,3.93,0,100,1
170,3,4,0,4,2,10,0,1,4,52,4.085,1,11,1
34,1,0,0,0,0,0,1,0,1,22,2.969,0,4302,0
155,8,6,1,1,1,9,0,0,5,70,5.075,1,106,1
59,1,1,0,0,2,3,1,0,1,24,3.047,0,635,0
147,5,5,0,4,4,7,1,1,3,26,4.202,1,101,1
88,8,3,2,3,5,10,0,1,5,31,4.591,1,143,1
30,2,1,0,0,0,3,1,0,1,28,3.163,0,4655,0
93,3,7,1,3,3,9,0,1,5,105,4.393,0,88,1
64,5,5,1,4,3,11,1,0,3,52,4.884,1,36,1
190,4,3,1,4,4,11,1,0,4,65,4.299,1,141,1
32,1,1,0,1,1,2,1,0,1,6,2.981,0,1453,0
31,2,1,0,0,0,2,1,0,0,5,3.296,0,3618,0
143,9,7,0,4,5,5,0,1,4,89,5.431,1,172,1
51,2,0,0,0,2,0,1,0,0,3,3.959,0,4564,0
29,2,1,0,0,0,2,1,0,0,2,3.844,0,2421,0
89,6,4,1,1,1,7,1,0,5,28,3.85,1,7,1
41,3,1,0,1,2,2,1,0,0,20,3.568,0,1149,0
160,3,4,2,2,3,6,1,0,3,50,3.567,1,134,1
59,3,0,0,1,1,1,1,0,0,13,2.661,0,3529,0
48,1,0,0,1,0,3,1,0,0,22,2.959,0,1154,0
141,3,4,2,4,1,13,0,1,3,119,4.822,1,133,1
26,2,0,0,1,2,3,1,0,1,26,2.501,0,605,0
185,9,5,2,2,5,3,1,1,3,96,4.938,1,90,1
24,1,0,0,1,0,3,1,0,1,25,3.133,0,4590,0
176,3,5,2,1,2,10,0,1,4,92,4.526,0,179,1
35,1,1,0,1,1,4,1,0,1,24,2.937,0,1447,0
137,7,3,2,4,1,14,1,1,2,43,4.212,0,13,1
179,5,7,0,3,5,11,0,0,5,108,5.186,1,2,1
183,8,2,0,1,4,5,0,1,4,39,3.631,1,126,1
56,3,1,0,1,0,0,1,0,1,4,2.927,0,1220,0
199,8,6,2,4,1,7,0,1,4,32,4.431,1,85,1
58,5,5,1,2,1,10,0,1,2,69,3.903,1,92,1
17,3,0,0,0,2,1,1,0,1,15,2.515,0,1461,0
59,3,0,0,1,0,4,1,0,1,12,2.557,0,4547,0
54,1,1,0,1,0,0,1,0,1,2,3.42,0,3540,0
21,3,0,0,0,2,2,1,0,1,4,3.56,0,3729,0
57,1,1,0,0,1,1,1,0,1,25,3.272,0,1242,0
17,1,0,0,0,2,4,1,0,0,0,2.968,0,1862,0
27,1,1,0,0,1,2,1,0,1,14,2.666,0,2595,0
41,2,0,0,0,0,4,1,0,1,14,3.181,0,3998,0
36,1,0,0,1,0,1,1,0,0,26,2.763,0,4691,0
30,2,1,0,1,0,3,1,0,0,22,2.895,0,1966,0
37,3,1,0,0,2,4,1,0,1,19,3.548,0,1066,0
32,1,0,0,1,1,4,1,0,0,4,3.029,0,1789,0
58,2,0,0,1,0,1,1,0,0,6,2.676,0,854,0
47,2,1,0,0,0,1,1,0,1,21,2.622,0,4191,0
169,3,4,2,4,5,7,0,0,3,91,4.544,1,78,1
160,7,7,2,2,2,11,0,0,4,20,4.823,1,165,1
44,1,1,0,1,2,1,1,0,1,7,3.816,0,3128,0
16,1,0,0,1,2,3,1,0,1,22,3.257,0,3110,0
30,2,1,0,0,0,1,1,0,1,29,3.577,0,4955,0
44,1,1,0,1,2,0,1,0,1,20,2.929,0,1932,0
166,3,3,1,4,2,12,0,0,5,68,3.882,1,12,1
117,9,3,2,2,3,7,0,0,5,44,3.852,1,66,1
139,5,7,1,2,1,12,1,0,5,23,4.743,0,47,1
45,2,0,0,1,1,4,1,0,1,2,3.929,0,1413,0
40,2,0,0,1,2,4,1,0,0,17,3.39,0,1234,0
191,7,2,2,4,3,9,1,0,5,90,3.604,1,175,1
73,3,3,1,4,2,7,0,1,2,26,4.136,1,97,1
20,2,1,0,0,0,4,1,0,1,5,3.69,0,1266,0
54,2,1,0,1,1,3,1,0,1,6,3.42,0,3289,0
29,3,1,0,1,2,3,1,0,0,18,3.429,0,577,0
28,2,0,0,0,1,4,1,0,0,20,3.763,0,801,0
146,7,3,1,1,4,8,0,1,5,20,5.148,1,176,1
21,2,1,0,0,0,3,1,0,0,9,3.833,0,3040,0
67,9,6,0,3,3,9,1,1,2,95,4.303,0,8,1
18,3,1,0,0,0,2,1,0,1,5,3.782,0,417,0
46,2,0,0,1,1,0,1,0,1,9,2.593,0,4230,0
37,3,1,0,1,0,3,1,0,1,15,3.713,0,4817,0
77,7,5,1,4,3,3,0,1,2,101,4.449,1,123,1
38,2,1,0,0,2,0,1,0,1,17,3.535,0,2417,0
130,5,2,1,2,4,8,0,1,5,69,5.244,1,138,1
46,2,1,0,0,0,0,1,0,1,29,2.883,0,2746,0
139,4,5,2,2,3,13,0,0,3,116,4.948,1,143,1
16,2,0,0,0,2,3,1,0,1,21,2.916,0,4112,0
23,1,0,0,0,2,3,1,0,1,24,2.856,0,1834,0
106,3,5,0,4,5,11,1,1,4,75,4.006,1,177,1
54,8,5,0,2,3,12,0,1,2,103,5.209,1,50,1
122,4,6,2,2,3,6,1,1,2,53,4.089,1,108,1
165,5,5,0,1,4,12,0,1,4,47,4.129,1,15,1
58,1,0,0,0,0,2,1,0,1,5,3.64,0,4328,0
182,3,7,1,4,5,10,0,0,4,83,4.312,1,81,1
58,4,5,0,4,4,5,1,1,3,99,5.268,1,116,1
27,1,0,0,1,2,3,1,0,0,26,3.801,0,2069,0
31,3,0,0,0,0,2,1,0,1,2,3.144,0,2368,0
44,3,1,0,1,2,1,1,0,0,26,3.622,0,1096,0
65,8,6,1,2,5,9,0,0,5,40,4.355,1,3,1
71,4,2,2,2,2,3,1,0,4,28,3.896,1,9,1
112,4,4,2,3,2,4,1,1,2,57,5.043,0,90,1
58,3,0,0,0,0,1,1,0,0,16,3.836,0,465,0
23,1,1,0,0,1,3,1,0,1,24,2.746,0,4448,0
165,3,7,1,3,3,5,1,1,3,69,3.51,1,38,1
36,1,1,0,0,1,0,1,0,1,24,2.955,0,3491,0
192,6,7,0,3,4,12,1,0,3,44,4.351,1,58,1
23,1,0,0,0,0,0,1,0,1,7,2.594,0,2855,0
198,9,2,1,2,4,6,0,1,3,94,4.692,0,103,1
24,3,0,0,0,1,2,1,0,1,11,3.401,0,2965,0
39,2,1,0,1,1,4,1,0,0,27,3.429,0,4608,0
26,3,0,0,1,2,3,1,0,0,25,3.74,0,4385,0
37,3,0,0,0,2,3,1,0,0,9,3.537,0,3659,0
18,3,0,0,1,1,3,1,0,0,2,3.478,0,558,0
26,3,0,0,1,0,4,1,0,1,14,2.808,0,2867,0
199,7,5,1,1,5,8,0,1,2,86,4.48,1,100,1
58,3,1,0,1,2,1,1,0,0,9,3.292,0,4713,0
54,8,6,2,2,1,6,1,1,4,109,4.342,1,155,1
57,1,1,0,0,2,2,1,0,0,21,3.821,0,3094,0
38,3,0,0,0,1,0,1,0,0,27,3.126,0,3970,0
30,3,1,0,1,1,3,1,0,0,16,3.509,0,2640,0
190,5,5,2,2,1,13,0,0,2,28,5.254,1,43,1
199,6,6,1,4,3,6,0,0,3,22,5.44,1,123,1
48,3,0,0,0,1,0,1,0,1,25,3.812,0,1131,0
20,3,0,0,0,0,3,1,0,1,0,3.843,0,2238,0
112,4,6,2,1,5,8,0,0,3,31,4.566,1,29,1
21,1,1,0,0,2,1,1,0,0,23,3.138,0,4976,0
129,3,7,1,4,2,5,1,0,2,101,4.819,0,156,1
54,2,1,0,0,1,1,1,0,1,0,2.606,0,3421,0
104,5,2,0,3,5,8,0,0,3,54,3.551,1,71,1
100,3,2,0,2,4,11,0,0,3,94,3.806,0,86,1
38,2,1,0,0,1,2,1,0,0,27,3.459,0,1197,0
32,2,1,0,1,0,4,1,0,1,16,3.058,0,3869,0
184,8,7,2,2,2,5,0,1,3,27,4.808,1,1,1
95,3,2,0,1,1,8,0,1,3,75,3.515,1,178,1
195,6,5,1,3,2,10,1,0,3,45,4.3,1,15,1
45,1,1,0,0,1,4,1,0,1,25,3.526,0,3441,0
56,2,0,0,0,2,2,1,0,1,25,2.618,0,1105,0
44,3,0,0,0,0,1,1,0,0,12,2.832,0,666,0
59,1,0,0,0,0,3,1,0,1,10,2.957,0,2013,0
52,3,1,0,0,1,2,1,0,1,25,2.92,0,1506,0
103,8,3,2,4,5,8,1,1,4,95,4.811,0,18,1
136,9,6,0,4,3,4,1,1,2,57,4.174,0,23,1
138,3,5,0,3,4,13,1,0,3,83,3.919,0,36,1
54,2,1,0,1,0,2,1,0,0,4,2.802,0,1679,0
96,7,7,0,2,5,4,0,1,3,38,3.524,0,52,1
40,3,1,0,1,0,0,1,0,0,2,3.909,0,3658,0
123,9,6,2,4,5,4,1,1,2,51,4.997,1,17,1
17,2,1,0,1,0,0,1,0,0,2,3.45,0,4350,0
25,2,1,0,1,0,4,1,0,1,24,2.928,0,3327,0
43,3,0,0,0,2,4,1,0,0,11,3.54,0,2009,0
181,4,6,0,1,5,8,0,1,5,58,4.154,1,33,1
160,6,4,0,3,5,8,0,1,2,117,5.091,1,34,1
55,2,0,0,0,1,3,1,0,1,10,3.799,0,2946,0
41,3,0,0,0,2,2,1,0,0,23,3.065,0,1871,0
42,1,0,0,1,2,0,1,0,0,0,3.117,0,2873,0
114,9,3,2,4,3,12,0,0,3,114,3.971,1,103,1
173,9,5,0,3,3,12,0,0,2,106,5.045,1,10,1
162,3,6,0,2,3,5,0,1,2,60,5.053,1,161,1
59,5,2,0,3,5,13,0,0,2,114,4.426,1,128,1
43,3,1,0,1,1,0,1,0,0,12,3.088,0,4765,0
48,1,0,0,1,0,0,1,0,1,26,3.349,0,2656,0
45,2,1,0,1,0,3,1,0,1,22,3.756,0,1623,0
157,3,5,1,2,3,10,0,0,2,82,4.144,1,87,1
122,8,2,2,1,1,14,0,0,5,93,4.249,1,50,1
65,8,7,0,2,1,5,0,1,5,68,5.164,1,103,1
156,5,3,0,3,5,12,0,1,3,21,3.659,1,68,1
183,4,6,2,2,1,8,0,0,4,44,5.409,1,166,1
54,4,3,0,1,1,8,1,0,3,110,4.012,0,156,1
17,3,1,0,0,1,0,1,0,1,0,2.55,0,977,0
21,2,1,0,0,0,3,1,0,0,3,3.657,0,2853,0
19,2,0,0,0,1,0,1,0,0,26,3.588,0,3635,0
82,4,7,0,4,2,8,0,1,5,70,4.847,1,116,1
103,6,5,2,2,2,10,0,0,3,38,3.889,0,31,1
25,2,1,0,1,0,3,1,0,0,20,2.969,0,2650,0
41,1,0,0,1,2,1,1,0,1,29,3.574,0,4381,0
168,7,5,0,2,2,8,1,1,2,117,5.265,1,59,1
33,1,1,0,1,2,1,1,0,0,0,3.732,0,3913,0
103,5,5,0,1,4,10,0,1,2,45,4.264,0,11,1
193,4,7,2,4,2,10,0,1,4,108,4.854,1,25,1
160,7,7,0,4,2,10,1,0,3,92,4.647,1,62,1
31,2,0,0,0,0,3,1,0,1,15,3.809,0,4427,0
114,3,3,1,3,2,3,0,1,3,28,5.36,1,107,1
67,9,4,1,4,5,7,0,0,5,30,4.202,0,167,1
23,3,1,0,0,0,1,1,0,0,19,2.637,0,3475,0
45,3,0,0,1,1,3,1,0,0,8,2.789,0,4316,0
27,2,0,0,0,0,2,1,0,1,27,3.573,0,1609,0
24,2,1,0,1,0,4,1,0,0,6,3.597,0,4631,0
29,2,1,0,1,2,0,1,0,0,23,2.675,0,2482,0
134,9,4,0,1,2,5,1,0,3,24,5.334,1,59,1
68,9,4,1,3,3,5,0,1,5,88,5.424,1,80,1
103,4,4,0,1,1,4,0,1,5,110,3.796,1,13,1
55,4,4,0,3,4,12,0,1,2,71,5.132,1,142,1
54,4,2,2,3,1,14,1,1,2,34,3.682,0,149,1
18,2,1,0,1,1,1,1,0,0,27,3.738,0,4253,0
132,4,5,1,2,5,3,0,1,4,116,3.889,1,141,1
27,2,0,0,0,0,4,1,0,1,19,2.57,0,4325,0
16,3,1,0,1,1,1,1,0,1,23,3.346,0,508,0
38,2,1,0,1,2,2,1,0,0,16,2.745,0,1524,0
108,9,7,2,4,4,13,0,1,5,49,4.566,1,144,1
118,9,2,1,4,5,5,1,0,4,32,4.064,1,155,1
69,8,7,2,3,3,10,0,1,5,29,5.473,1,21,1
50,1,1,0,0,2,0,1,0,0,7,3.103,0,4155,0
82,3,5,0,3,4,9,0,0,2,43,5.486,0,104,1
46,2,0,0,0,0,2,1,0,0,23,3.799,0,516,0
45,3,0,0,0,1,0,1,0,1,7,2.852,0,3878,0
197,8,4,1,4,3,9,1,1,4,79,5.061,1,67,1
189,7,5,2,1,5,13,1,1,3,61,4.859,0,63,1
48,2,1,0,0,2,1,1,0,0,15,3.72,0,1430,0
53,1,1,0,1,1,4,1,0,1,23,3.011,0,2726,0
133,6,2,1,3,1,14,1,1,2,68,4.579,1,66,1
154,3,6,2,4,3,7,1,1,5,67,5.324,1,116,1
96,8,3,0,1,5,13,1,0,4,24,4.917,0,79,1
23,2,0,0,1,1,1,1,0,0,9,3.949,0,2142,0
23,3,1,0,1,0,1,1,0,0,15,3.638,0,3311,0
156,4,2,0,3,3,9,0,1,4,119,4.23,1,58,1
58,1,1,0,0,0,4,1,0,0,23,3.418,0,2018,0
146,6,3,0,2,4,9,0,0,3,20,5.186,0,34,1
20,3,0,0,0,0,1,1,0,0,25,2.674,0,488,0
69,4,2,1,1,1,14,0,1,5,22,3.711,1,8,1
59,2,1,0,1,0,0,1,0,1,2,3.102,0,2279,0
30,2,1,0,1,2,0,1,0,0,15,3.565,0,3723,0
160,7,4,2,1,2,10,0,1,2,47,5.089,1,42,1
56,3,2,0,3,4,13,0,1,2,110,4.632,0,54,1
34,1,0,0,0,2,4,1,0,1,4,3.673,0,2020,0
95,3,4,1,3,3,12,0,0,4,67,4.211,0,179,1
136,6,7,2,4,2,7,0,0,4,101,3.683,0,115,1
34,1,1,0,0,2,2,1,0,0,3,2.516,0,4536,0
52,2,0,0,0,0,3,1,0,1,5,3.183,0,3955,0
184,7,4,1,4,1,13,1,1,4,96,5.026,1,143,1
112,5,4,0,1,1,11,1,1,2,27,3.888,1,173,1
123,9,2,2,2,1,10,0,1,4,21,4.105,1,170,1
42,3,1,0,0,2,4,1,0,0,1,3.233,0,3535,0
35,3,1,0,0,1,3,1,0,1,20,2.848,0,530,0
135,7,4,0,1,5,8,0,1,2,80,4.79,1,113,1
118,7,2,1,1,1,5,1,1,5,56,4.185,1,47,1
177,8,6,1,1,3,5,0,0,5,79,3.565,1,169,1
75,4,5,2,2,3,9,0,1,4,47,3.797,1,87,1
57,6,3,0,3,5,5,0,1,4,60,4.874,1,11,1
92,9,2,0,3,3,12,1,0,2,52,3.7,0,87,1
183,9,2,1,4,3,8,1,0,5,105,4.968,1,9,1
57,1,1,0,0,2,1,1,0,0,27,3.062,0,4511,0
159,5,3,2,3,3,14,0,0,3,110,4.264,1,166,1
136,8,3,1,3,4,12,1,1,3,50,5.16,1,136,1
17,1,1,0,0,2,2,1,0,1,7,2.83,0,1448,0
54,2,1,0,1,2,0,1,0,0,13,2.755,0,3840,0
44,2,0,0,0,0,4,1,0,0,13,3.556,0,4895,0
57,3,1,0,1,1,2,1,0,1,3,3.358,0,2222,0
35,2,1,0,1,2,0,1,0,1,1,2.771,0,3362,0
40,1,1,0,0,2,3,1,0,1,6,3.102,0,1603,0
28,1,1,0,1,2,0,1,0,0,23,2.705,0,3065,0
122,7,6,0,2,1,5,1,1,3,65,3.757,1,142,1
19,1,1,0,1,0,1,1,0,0,27,2.599,0,4529,0
97,9,2,2,2,3,4,0,1,3,116,3.933,1,55,1
44,1,1,0,0,1,0,1,0,0,13,3.011,0,3563,0
58,1,1,0,0,2,0,1,0,1,17,3.494,0,3438,0
45,3,0,0,1,2,3,1,0,1,12,3.561,0,4674,0
70,7,7,0,4,4,9,0,1,2,98,5.027,0,93,1
49,1,0,0,1,1,0,1,0,1,18,2.919,0,3261,0
43,2,1,0,1,1,1,1,0,0,11,3.447,0,1666,0
24,2,0,0,0,1,3,1,0,1,9,3.535,0,518,0
16,2,1,0,0,0,3,1,0,0,27,2.643,0,3940,0
165,9,5,0,4,1,14,1,0,4,96,4.873,0,176,1
33,2,1,0,0,1,1,1,0,1,20,3.683,0,2431,0
34,1,1,0,0,1,4,1,0,0,8,3.622,0,4363,0
95,6,2,0,4,4,3,0,1,3,78,4.536,1,93,1
126,3,2,0,2,4,8,0,1,4,96,4.654,1,53,1
178,4,4,0,3,1,6,1,1,2,98,4.025,0,127,1
15,2,0,0,1,1,2,1,0,0,20,3.302,0,2933,0
138,3,3,2,2,2,4,1,1,4,59,5.293,0,105,1
175,3,3,2,2,5,7,0,1,5,91,5.317,1,83,1
195,9,2,2,3,4,11,1,1,2,95,4.789,0,166,1
68,4,5,2,2,5,5,0,0,4,25,4.627,1,177,1
188,4,2,1,3,5,4,0,1,5,85,4.104,1,36,1
76,7,2,2,3,4,5,1,1,5,26,4.696,0,141,1
151,5,4,2,3,5,12,1,1,5,101,4.154,0,88,1
33,3,1,0,1,1,4,1,0,0,3,2.645,0,650,0
15,1,0,0,1,1,4,1,0,1,29,3.329,0,3128,0
56,2,0,0,1,0,3,1,0,0,26,3.116,0,2611,0
52,2,0,0,0,2,2,1,0,0,13,2.563,0,1724,0
109,4,3,0,3,2,5,1,1,2,111,5.267,1,81,1
114,4,6,0,2,4,12,1,0,4,90,3.587,0,73,1
26,2,0,0,1,1,0,1,0,1,25,2.612,0,2718,0
81,7,2,1,4,4,3,1,0,4,55,3.974,1,152,1
44,2,1,0,1,2,1,1,0,1,6,3.632,0,4930,0
37,3,1,0,0,2,3,1,0,1,3,3.019,0,3631,0
135,7,3,2,2,5,12,0,1,4,33,4.724,0,9,1
74,9,6,1,2,2,13,0,1,3,20,5.413,1,160,1
18,3,0,0,0,2,0,1,0,1,3,3.589,0,2458,0
185,8,6,1,1,2,5,0,0,5,102,4.664,1,121,1
22,1,1,0,1,1,1,1,0,0,8,3.244,0,1190,0
78,9,4,2,3,3,7,0,1,3,93,4.191,0,98,1
32,1,1,0,0,1,1,1,0,1,5,3.199,0,3621,0
27,1,1,0,1,0,3,1,0,0,1,3.521,0,936,0
49,2,1,0,1,1,0,1,0,0,20,3.795,0,3228,0
47,2,1,0,1,1,1,1,0,0,26,3.632,0,3218,0
45,1,0,0,1,0,1,1,0,1,23,3.185,0,4437,0
69,4,5,2,2,1,12,0,1,5,25,4.462,1,110,1
56,1,0,0,1,2,2,1,0,0,4,2.931,0,3330,0
55,1,1,0,0,1,3,1,0,1,23,3.728,0,1372,0
24,2,0,0,0,2,4,1,0,1,9,2.882,0,1832,0
19,2,1,0,1,1,4,1,0,0,11,2.931,0,4099,0
193,9,6,2,3,5,12,0,1,2,27,5.439,0,72,1
27,1,0,0,0,1,2,1,0,0,29,2.833,0,1028,0
15,1,1,0,1,0,0,1,0,0,3,3.372,0,3236,0
70,8,7,1,2,3,10,1,1,4,53,3.569,1,141,1
18,1,0,0,1,0,3,1,0,0,13,3.585,0,4796,0
79,4,7,0,1,1,13,1,0,4,51,4.689,1,45,1
38,2,1,0,0,1,0,1,0,0,22,2.568,0,643,0
111,7,2,0,4,4,14,1,1,2,39,4.658,1,108,1
179,5,3,2,4,4,5,0,1,5,28,4.651,1,119,1
57,2,0,0,1,1,4,1,0,0,22,3.145,0,4988,0
22,3,0,0,0,0,3,1,0,0,18,3.454,0,1410,0
56,2,1,0,1,0,0,1,0,1,12,2.967,0,709,0
46,3,1,0,0,0,2,1,0,1,25,2.77,0,2425,0
36,2,1,0,1,2,0,1,0,1,18,3.558,0,3443,0
36,3,1,0,0,2,1,1,0,0,9,2.526,0,4414,0
56,2,0,0,1,2,2,1,0,0,6,2.945,0,1458,0
33,1,1,0,1,0,0,1,0,0,27,3.744,0,1896,0
51,3,0,0,1,0,4,1,0,0,26,3.392,0,724,0
137,3,7,1,2,3,6,0,0,3,99,3.517,0,92,1
36,2,1,0,1,2,4,1,0,1,26,2.601,0,2739,0
127,9,6,1,1,4,3,0,1,4,24,4.045,1,172,1
184,7,7,2,3,4,5,1,1,3,59,4.4,1,69,1
33,3,0,0,0,1,4,1,0,0,7,3.133,0,3768,0
39,2,0,0,0,0,3,1,0,1,13,2.592,0,4808,0
44,2,1,0,1,2,4,1,0,1,26,3.876,0,3369,0
122,4,5,2,3,1,10,0,1,2,63,3.939,1,93,1
31,1,1,0,1,1,3,1,0,0,4,3.217,0,2297,0
48,1,1,0,0,2,3,1,0,1,22,3.285,0,2493,0
26,2,1,0,1,0,3,1,0,0,29,3.151,0,2435,0
27,2,1,0,0,0,2,1,0,1,23,3.891,0,3643,0
47,1,1,0,1,1,1,1,0,0,2,3.805,0,2826,0
43,1,0,0,0,1,3,1,0,1,15,2.588,0,3505,0
75,4,3,2,4,2,10,1,0,2,115,4.708,1,172,1
66,7,5,1,4,5,3,0,1,5,90,4.876,1,48,1
92,3,3,0,1,1,12,0,0,2,95,5.195,1,69,1
53,7,6,0,3,5,5,0,1,2,61,4.148,0,68,1
167,4,6,0,2,5,4,1,0,4,47,4.513,0,120,1
51,1,1,0,1,0,4,1,0,0,21,2.551,0,4865,0
150,5,7,1,2,1,5,1,0,3,79,4.281,1,50,1
25,1,1,0,0,2,2,1,0,0,25,2.502,0,3918,0
49,3,0,0,1,2,3,1,0,1,20,3.256,0,1709,0
145,5,6,2,2,2,4,1,1,2,92,3.873,1,168,1
32,3,1,0,1,1,3,1,0,0,19,2.587,0,2642,0
75,8,5,2,3,4,7,1,1,4,62,3.537,1,126,1
96,6,2,0,2,4,14,0,1,5,96,3.879,1,70,1
29,3,0,0,0,2,4,1,0,0,8,3.911,0,4167,0
55,2,1,0,0,2,4,1,0,1,13,3.454,0,3554,0
56,7,4,0,2,1,13,0,1,5,61,4.567,0,51,1
91,3,7,1,4,5,12,0,1,2,113,3.82,1,165,1
24,1,0,0,1,0,3,1,0,1,27,3.178,0,2154,0
192,8,5,2,1,2,3,1,1,5,42,4.736,1,162,1
114,8,2,1,1,5,3,1,0,3,93,4.399,1,168,1
46,1,0,0,1,0,1,1,0,0,1,3.404,0,1496,0
91,5,4,0,2,5,10,0,0,3,85,5.111,1,96,1
44,1,1,0,1,1,1,1,0,1,6,3.797,0,1377,0
165,7,5,2,4,5,6,0,1,3,113,4.845,1,84,1
55,3,1,0,0,2,2,1,0,0,19,3.692,0,3908,0
122,9,2,1,2,2,6,0,1,2,36,3.676,1,73,1
46,3,0,0,1,1,2,1,0,1,8,3.705,0,4323,0
46,2,1,0,0,0,3,1,0,1,19,3.448,0,3329,0
182,7,6,1,2,4,10,0,0,3,45,4.24,1,58,1
120,8,7,0,2,2,10,0,0,2,52,4.619,1,126,1
49,2,0,0,1,2,0,1,0,0,17,2.64,0,4767,0
24,3,0,0,1,0,4,1,0,1,2,3.824,0,706,0
49,1,1,0,1,2,4,1,0,1,7,2.691,0,3925,0
32,3,0,0,0,2,3,1,0,0,12,3.215,0,2923,0
20,3,1,0,1,2,4,1,0,0,21,3.643,0,633,0
15,2,1,0,1,0,0,1,0,0,14,3.253,0,2463,0
43,3,1,0,1,1,3,1,0,1,10,2.91,0,3261,0
57,8,6,0,2,1,3,1,0,5,39,4.525,1,27,1
27,1,1,0,1,2,4,1,0,0,21,2.849,0,4404,0
45,2,0,0,1,2,3,1,0,1,22,2.745,0,1186,0
75,9,7,2,2,4,10,0,1,5,99,3.761,0,11,1
26,1,1,0,1,2,3,1,0,0,22,2.672,0,4135,0
64,6,3,0,4,2,3,0,0,5,99,4.675,1,130,1
122,3,6,1,2,4,3,1,0,5,55,5.301,0,157,1
54,3,1,0,0,2,4,1,0,1,5,3.979,0,2366,0
29,2,0,0,1,0,0,1,0,0,10,2.898,0,4855,0
42,2,1,0,1,1,1,1,0,0,12,2.902,0,1205,0
21,2,1,0,0,0,1,1,0,0,29,2.673,0,4402,0
37,3,1,0,1,2,0,1,0,0,13,2.906,0,2615,0
117,8,6,1,2,2,3,1,0,3,40,4.186,0,141,1
171,6,5,0,4,2,10,0,0,5,75,4.495,1,140,1
37,1,1,0,1,1,3,1,0,1,5,2.959,0,4020,0
23,2,1,0,0,2,2,1,0,1,4,3.271,0,2570,0
196,8,2,1,2,1,11,0,1,2,96,5.237,1,51,1
51,1,0,0,0,2,2,1,0,1,16,3.776,0,4392,0
27,2,0,0,0,2,2,1,0,1,29,2.786,0,4889,0
142,7,6,2,4,3,12,0,1,4,24,5.415,1,112,1
15,3,1,0,1,0,4,1,0,0,5,3.368,0,3762,0
57,3,0,0,0,1,2,1,0,0,16,3.516,0,1294,0
161,6,2,1,4,2,11,1,1,5,114,4.726,0,143,1
30,1,1,0,0,0,3,1,0,0,2,3.769,0,3282,0
30,1,0,0,0,0,1,1,0,0,29,3.834,0,2294,0
179,6,7,0,3,2,6,1,0,2,39,5.388,0,23,1
58,3,0,0,1,2,4,1,0,1,17,3.98,0,1333,0
102,7,7,2,1,5,6,1,0,3,49,3.93,1,16,1
56,2,0,0,0,0,2,1,0,1,1,3.401,0,819,0
130,4,3,1,4,3,10,0,0,5,85,5.246,0,125,1
154,7,5,1,3,2,7,0,1,4,87,4.659,1,167,1
117,6,2,0,2,1,6,0,1,5,109,5.281,0,177,1
78,9,3,0,3,4,3,0,0,5,91,3.677,1,22,1
50,6,7,1,3,3,5,0,1,3,45,3.558,1,122,1
178,4,4,2,3,5,9,0,0,4,38,4.651,1,167,1
147,4,3,1,4,1,12,1,1,4,88,4.791,1,99,1
20,1,0,0,0,0,2,1,0,0,20,2.709,0,425,0
126,4,4,2,1,1,11,0,1,2,95,4.98,1,62,1
58,1,1,0,1,2,1,1,0,0,27,3.034,0,1374,0
43,3,1,0,0,0,0,1,0,1,1,3.972,0,4890,0
38,1,1,0,1,2,2,1,0,0,16,3.567,0,4879,0
110,8,4,1,3,1,12,0,1,4,98,3.827,1,162,1
196,9,2,1,3,4,6,0,0,2,106,4.329,1,75,1
26,1,1,0,1,0,1,1,0,0,24,3.518,0,4348,0
57,3,0,0,0,1,3,1,0,1,4,3.539,0,3987,0
99,3,6,0,4,4,4,0,1,4,102,5.231,0,81,1
24,2,0,0,0,2,0,1,0,1,29,3.38,0,3122,0
21,1,0,0,1,1,0,1,0,0,1,3.425,0,4895,0
53,1,1,0,0,1,3,1,0,0,18,3.867,0,4506,0
28,3,0,0,0,2,4,1,0,0,4,3.952,0,4823,0
55,3,1,0,0,1,1,1,0,0,13,3.225,0,1494,0
53,3,1,0,1,1,2,1,0,1,1,3.113,0,419,0
115,7,7,1,3,5,5,0,1,4,54,5.096,1,18,1
20,3,0,0,0,2,2,1,0,1,23,3.069,0,506,0
30,3,1,0,1,2,1,1,0,0,24,2.895,0,4106,0
48,3,0,0,0,1,2,1,0,1,10,3.892,0,2806,0
27,3,0,0,1,0,0,1,0,1,1,3.699,0,4107,0
95,7,7,1,4,4,9,1,1,2,41,3.987,0,70,1
58,2,0,0,0,1,1,1,0,0,28,2.98,0,1652,0
48,2,1,0,0,2,1,1,0,0,4,3.698,0,3051,0
43,2,1,0,1,2,4,1,0,0,28,3.124,0,2426,0
31,2,1,0,0,0,3,1,0,0,7,3.693,0,3437,0
194,7,3,2,2,3,8,1,0,2,26,4.73,1,159,1
51,4,2,1,4,2,12,1,1,5,94,4.812,0,49,1
53,1,0,0,1,0,2,1,0,0,13,2.946,0,2398,0
49,3,1,0,1,1,4,1,0,0,0,2.959,0,4872,0
38,3,0,0,0,0,1,1,0,1,15,2.892,0,3933,0
17,2,0,0,0,1,3,1,0,0,25,3.225,0,2948,0
18,3,1,0,1,0,1,1,0,0,28,3.365,0,4201,0
40,3,1,0,1,2,3,1,0,1,28,3.135,0,2752,0
124,7,7,0,3,2,5,0,0,4,69,4.786,1,2,1
137,5,7,2,1,5,9,1,1,4,73,3.972,1,1,1
44,3,1,0,0,0,4,1,0,0,18,3.978,0,652,0
36,2,0,0,0,2,0,1,0,1,9,3.158,0,2499,0
117,7,2,2,2,2,12,0,1,2,58,4.309,0,106,1
40,1,1,0,1,0,4,1,0,0,25,3.396,0,3387,0
35,2,0,0,1,1,1,1,0,1,9,2.77,0,3659,0
36,2,0,0,1,0,3,1,0,0,9,2.926,0,3104,0
55,3,0,0,1,2,3,1,0,0,26,3.755,0,1550,0
165,7,2,0,2,3,14,0,0,4,71,5.128,0,86,1
27,1,1,0,1,2,2,1,0,0,13,3.026,0,2397,0
17,1,0,0,1,0,2,1,0,1,18,3.242,0,965,0
123,8,5,0,4,1,11,0,0,4,45,5.279,1,160,1
44,1,1,0,0,1,2,1,0,1,25,3.031,0,3432,0
133,4,4,1,4,1,12,0,0,4,37,5.233,0,42,1
38,1,0,0,1,0,3,1,0,0,12,3.242,0,3562,0
95,7,2,1,2,5,8,0,1,4,58,4.816,0,108,1
151,3,6,1,2,1,14,0,1,3,93,4.371,1,36,1
155,7,3,0,2,4,10,0,0,3,81,4.92,0,154,1
55,3,1,0,0,2,1,1,0,1,14,3.072,0,4130,0
23,2,1,0,1,1,2,1,0,0,23,3.726,0,2342,0
28,3,0,0,1,2,2,1,0,1,28,3.075,0,393,0
35,1,0,0,0,0,0,1,0,1,11,2.694,0,3888,0
20,3,0,0,0,1,2,1,0,0,16,3.545,0,1840,0
109,6,5,0,3,5,4,1,1,5,98,4.352,1,118,1
146,6,2,2,2,4,13,1,1,2,29,5.27,1,141,1
107,6,3,0,2,4,9,0,1,3,100,4.026,1,84,1
120,4,4,1,2,3,9,1,0,4,108,5.189,1,138,1
17,3,1,0,0,1,0,1,0,1,16,3.702,0,2933,0
42,1,0,0,0,0,2,1,0,1,25,3.432,0,2540,0
58,8,6,0,2,3,6,0,0,4,71,4.781,1,103,1
25,3,0,0,1,1,0,1,0,1,17,2.633,0,4350,0
73,8,5,0,1,2,9,0,0,3,94,4.636,1,15,1
20,3,0,0,0,0,0,1,0,0,20,3.603,0,2524,0
57,1,0,0,0,2,1,1,0,0,20,3.756,0,2423,0
169,3,6,0,1,2,3,1,0,5,107,3.542,1,30,1
79,4,5,0,4,1,4,1,1,3,118,5.246,1,55,1
56,1,1,0,1,2,1,1,0,1,17,2.716,0,980,0
28,1,1,0,0,0,3,1,0,0,26,3.123,0,3373,0
43,3,0,0,0,2,3,1,0,0,16,3.285,0,4422,0
152,8,2,0,4,2,10,0,1,5,79,4.951,0,91,1
18,3,1,0,1,0,3,1,0,1,1,3.289,0,1538,0
172,4,2,2,4,5,6,0,1,5,45,4.961,1,122,1
42,3,1,0,1,1,4,1,0,0,19,3.349,0,690,0
15,1,1,0,1,0,3,1,0,1,27,3.098,0,1984,0
58,1,0,0,1,0,2,1,0,1,14,3.068,0,1983,0
148,6,2,0,4,4,8,0,1,4,89,4.397,0,153,1
154,4,4,2,4,5,5,0,0,3,89,3.975,1,110,1
36,1,1,0,0,0,0,1,0,1,25,3.841,0,2333,0
56,2,0,0,1,2,3,1,0,0,0,3.742,0,3416,0
120,8,4,2,4,1,7,0,0,4,52,3.899,1,20,1
122,5,4,0,3,4,3,1,1,4,49,4.629,0,165,1
22,2,0,0,0,0,2,1,0,0,0,3.335,0,2508,0
23,1,0,0,0,2,3,1,0,1,4,2.928,0,4629,0
125,5,7,0,3,1,11,1,1,2,111,4.295,1,133,1
40,2,0,0,0,0,1,1,0,0,11,3.359,0,1329,0
129,3,7,1,2,4,8,0,1,2,117,4.436,1,74,1
136,6,4,2,2,1,3,1,1,5,116,5.419,0,69,1
94,6,3,1,3,4,6,1,0,3,68,5.268,1,145,1
56,3,1,0,1,1,0,1,0,1,2,3.724,0,4434,0
57,1,1,0,0,0,0,1,0,0,23,3.866,0,3566,0
29,2,0,0,1,2,0,1,0,1,15,2.804,0,864,0
52,8,5,2,1,3,13,1,0,2,84,4.811,1,159,1
58,6,4,1,4,1,8,1,1,3,102,4.48,0,141,1
76,8,3,1,4,4,12,0,1,5,100,5.095,1,123,1
164,7,2,1,1,5,5,0,0,5,97,3.686,0,168,1
98,8,3,1,1,5,8,0,0,2,98,4.858,1,173,1
34,3,0,0,1,0,4,1,0,0,16,3.204,0,4793,0
16,2,1,0,1,2,1,1,0,1,21,3.621,0,4996,0
52,3,1,0,1,1,0,1,0,0,29,3.299,0,2647,0
90,7,3,0,3,2,12,0,1,4,75,5.246,0,12,1
21,3,1,0,0,2,3,1,0,0,5,3.514,0,2810,0
20,3,1,0,1,2,1,1,0,1,4,2.651,0,2258,0
44,3,1,0,0,1,3,1,0,1,11,3.881,0,765,0
50,5,6,0,4,1,13,0,0,2,51,3.756,0,42,1
108,4,4,2,4,2,12,0,0,5,94,4.226,1,12,1
101,9,3,2,4,3,11,0,1,5,53,4.032,1,136,1
121,8,5,2,1,5,12,0,1,4,96,5.362,1,132,1
82,9,2,1,2,2,8,1,0,5,112,3.653,1,38,1
36,1,1,0,1,2,0,1,0,1,18,3.269,0,4981,0
56,2,1,0,1,0,1,1,0,1,26,3.15,0,3855,0
21,2,0,0,0,0,3,1,0,0,4,3.611,0,4601,0
132,6,5,0,3,4,3,1,0,4,50,3.528,0,38,1
29,1,0,0,1,0,4,1,0,0,5,3.388,0,4105,0
147,5,3,0,2,2,9,0,1,5,98,4.566,1,17,1
110,6,5,0,3,4,10,0,1,3,58,3.542,1,30,1
66,7,3,1,2,4,10,0,0,5,38,3.521,1,160,1
16,2,1,0,0,2,3,1,0,0,28,3.249,0,413,0
174,5,2,0,4,1,9,0,1,2,101,5.274,1,136,1
37,1,1,0,1,1,0,1,0,1,6,3.739,0,4130,0
53,6,5,0,4,4,9,1,1,3,74,4.232,1,16,1
100,8,4,0,4,2,12,1,1,5,78,5.474,1,85,1
145,3,6,2,2,3,9,0,1,3,93,4.806,0,135,1
25,2,0,0,1,0,2,1,0,0,17,2.752,0,926,0
54,7,7,0,1,1,10,0,1,3,109,5.306,0,2,1
63,6,5,2,3,4,5,0,0,2,97,4.374,0,74,1
23,1,1,0,1,0,2,1,0,0,2,2.84,0,2746,0
66,7,5,1,4,5,4,0,1,2,98,4.76,1,20,1
47,1,0,0,1,1,0,1,0,0,14,2.787,0,1463,0
58,5,3,1,3,1,4,1,1,2,69,3.859,1,157,1
64,4,3,2,4,2,5,0,1,2,26,5.282,1,35,1
86,9,5,2,4,2,11,0,1,5,41,3.558,1,78,1
29,1,0,0,0,2,1,1,0,1,27,3.059,0,4337,0
37,2,1,0,0,2,3,1,0,1,21,3.831,0,3055,0
96,3,3,2,1,1,7,1,1,3,116,4.92,0,65,1
27,3,0,0,0,0,1,1,0,1,26,3.629,0,921,0
23,2,0,0,0,0,1,1,0,0,21,3.312,0,1816,0
23,3,0,0,1,2,3,1,0,1,23,3.857,0,2711,0
31,3,0,0,1,2,4,1,0,1,22,2.724,0,2922,0
197,5,5,2,1,1,12,0,1,5,110,4.365,1,133,1
94,4,4,0,1,5,7,1,0,4,106,5.296,1,51,1
31,1,1,0,1,2,3,1,0,0,1,2.615,0,4897,0
24,2,0,0,1,1,3,1,0,1,19,3.041,0,843,0
52,3,0,0,1,2,1,1,0,1,6,3.428,0,3449,0
25,2,1,0,0,0,1,1,0,1,22,3.75,0,4719,0
22,3,0,0,0,1,2,1,0,1,18,3.277,0,2825,0
66,6,6,1,1,5,7,0,1,5,83,4.999,0,22,1
40,2,0,0,0,1,4,1,0,0,5,3.871,0,4289,0
29,1,0,0,0,1,0,1,0,1,23,3.703,0,4606,0
52,6,6,1,4,4,7,0,1,5,44,3.865,1,156,1
27,2,1,0,0,0,3,1,0,0,27,3.985,0,1743,0
37,2,0,0,0,2,2,1,0,0,0,2.689,0,1454,0
144,6,2,0,2,1,3,1,1,2,23,5.183,1,69,1
159,6,3,2,3,2,9,0,0,2,36,4.228,1,108,1
157,5,3,2,4,4,7,1,1,3,97,4.49,0,93,1
57,3,0,0,1,2,1,1,0,0,27,3.81,0,2051,0
56,1,1,0,1,0,4,1,0,0,5,3.745,0,1987,0
192,4,2,2,3,1,5,0,0,5,29,5.165,1,98,1
31,1,0,0,1,2,4,1,0,0,27,3.234,0,1995,0
58,3,0,0,0,0,2,1,0,0,15,3.471,0,1079,0
29,1,0,0,1,1,1,1,0,0,10,2.584,0,4561,0
30,2,0,0,1,1,0,1,0,1,4,2.714,0,4479,0
55,5,6,0,2,4,5,0,1,5,37,5.079,0,111,1
27,2,0,0,1,1,2,1,0,0,26,3.683,0,1981,0
34,1,0,0,1,1,0,1,0,1,5,3.294,0,3148,0
39,2,1,0,1,2,0,1,0,0,13,3.866,0,1814,0
51,9,6,2,4,5,3,0,0,5,42,3.647,1,57,1
21,1,1,0,1,1,0,1,0,0,25,3.969,0,4017,0
173,7,3,0,2,2,5,0,0,4,112,4.054,1,72,1
117,5,2,1,3,2,8,1,0,2,73,5.431,0,100,1
34,3,1,0,0,0,1,1,0,1,0,3.514,0,4426,0
62,3,5,1,4,1,4,1,1,3,27,5.13,1,120,1
28,2,1,0,0,2,1,1,0,1,17,2.965,0,3064,0
25,1,1,0,0,0,3,1,0,1,21,3.904,0,3823,0
20,1,0,0,0,0,1,1,0,1,7,3.921,0,3754,0
29,2,0,0,0,2,3,1,0,0,7,3.696,0,2189,0
46,1,1,0,0,2,2,1,0,0,8,2.97,0,1326,0
31,3,0,0,1,0,1,1,0,1,15,3.342,0,4103,0
57,1,1,0,1,0,3,1,0,0,24,2.767,0,3177,0
52,3,1,0,1,2,4,1,0,0,26,3.71,0,2870,0
55,2,1,0,0,0,4,1,0,1,24,3.774,0,2775,0
134,3,3,2,3,1,6,1,0,5,51,4.945,1,51,1
91,3,7,1,4,3,4,1,0,5,73,4.56,0,117,1
69,3,4,1,4,3,8,0,0,4,91,4.115,1,46,1
46,2,0,0,1,0,0,1,0,1,23,2.607,0,2448,0
56,3,1,0,1,2,2,1,0,1,22,3.975,0,1893,0
51,8,7,1,1,5,10,0,1,2,32,5.398,1,59,1
140,4,5,0,3,4,4,0,0,2,111,3.821,0,15,1
57,1,0,0,1,1,1,1,0,0,21,3.678,0,4134,0
17,2,0,0,0,1,4,1,0,0,24,2.956,0,3738,0
28,2,1,0,0,1,4,1,0,1,19,2.862,0,1843,0
16,2,1,0,0,0,1,1,0,0,11,2.723,0,4764,0
113,3,3,1,2,2,6,0,0,3,59,4.441,1,69,1
54,3,0,0,1,2,0,1,0,1,18,2.788,0,1416,0
56,1,1,0,1,1,0,1,0,1,23,3.29,0,3303,0
50,1,1,0,0,1,3,1,0,0,22,2.541,0,3139,0
44,1,0,0,1,0,0,1,0,1,2,3.631,0,4156,0
30,2,0,0,0,2,4,1,0,1,7,3.653,0,2733,0
41,2,0,0,1,0,1,1,0,1,24,2.66,0,4804,0
70,3,4,2,1,4,3,0,1,5,118,3.794,1,57,1
158,7,5,0,3,4,5,1,0,4,25,4.787,1,78,1
90,8,2,0,2,1,8,1,1,3,75,3.651,0,44,1
24,3,1,0,1,2,0,1,0,0,21,3.843,0,1659,0
129,8,4,1,4,5,13,1,0,3,56,4.911,1,117,1
174,3,3,0,2,1,11,0,1,2,66,4.025,1,171,1
53,9,7,2,3,1,9,0,1,2,100,4.692,1,76,1
15,2,0,0,0,2,2,1,0,0,22,3.384,0,855,0
136,7,6,0,2,2,5,0,1,5,45,3.695,0,129,1
42,2,1,0,0,2,2,1,0,0,24,2.64,0,2608,0
49,2,0,0,1,0,4,1,0,0,16,2.956,0,4064,0
170,9,3,1,1,5,7,0,0,2,111,4.487,1,18,1
35,3,1,0,1,2,2,1,0,0,27,3.145,0,2403,0
23,3,0,0,0,1,3,1,0,0,14,3.739,0,1397,0
188,8,6,0,3,1,13,0,1,4,29,3.946,1,164,1
22,2,1,0,1,2,1,1,0,0,10,2.917,0,4597,0
66,7,6,1,4,2,14,0,1,3,81,3.961,1,157,1
35,1,0,0,1,0,1,1,0,1,24,3.532,0,1645,0
27,2,0,0,1,2,3,1,0,1,6,3.288,0,4019,0
138,7,6,0,3,3,3,0,1,5,28,4.381,1,39,1
112,9,6,1,4,2,13,1,1,5,96,4.936,1,28,1
74,5,5,1,1,5,12,1,1,3,88,5.432,1,57,1
40,3,0,0,1,2,4,1,0,0,17,3.203,0,1446,0
20,1,0,0,1,2,3,1,0,0,25,3.268,0,511,0
19,1,1,0,1,2,3,1,0,0,2,3.762,0,4285,0
34,3,0,0,1,0,4,1,0,0,9,3.689,0,640,0
27,1,0,0,0,0,3,1,0,0,23,3.187,0,4322,0
195,5,2,2,3,5,13,1,1,3,50,3.964,0,98,1
48,2,0,0,1,0,2,1,0,0,15,3.012,0,1125,0
168,7,3,1,3,1,4,1,0,2,36,3.859,1,155,1
55,4,3,2,4,1,5,1,1,5,47,3.978,0,138,1
190,7,7,0,2,4,3,0,1,3,53,4.405,1,158,1
110,5,7,2,1,1,9,0,1,4,25,5.241,1,21,1
104,6,3,0,4,1,7,1,1,4,81,3.533,0,2,1
142,3,5,2,4,3,10,0,1,2,26,3.505,0,157,1
35,2,0,0,1,0,3,1,0,0,6,3.317,0,3821,0
195,8,6,0,1,2,5,0,1,5,40,4.96,1,31,1
190,3,4,2,1,2,3,1,1,2,87,4.979,1,133,1
34,3,0,0,0,0,3,1,0,1,8,3.547,0,1132,0
30,2,0,0,1,2,3,1,0,0,28,3.729,0,2589,0
125,3,5,2,4,5,8,0,1,2,98,5.128,1,122,1
142,6,7,1,3,1,6,0,1,4,72,4.06,0,72,1
123,5,5,1,3,5,4,0,1,3,40,5.159,1,164,1
59,1,0,0,0,0,4,1,0,1,16,3.541,0,2350,0
32,2,0,0,1,1,2,1,0,0,6,3.093,0,1672,0
42,1,0,0,0,0,2,1,0,0,22,3.653,0,3089,0
19,1,1,0,0,2,0,1,0,0,2,3.551,0,2620,0
121,9,4,2,1,3,9,0,1,5,100,4.682,1,159,1
46,2,0,0,1,1,1,1,0,1,13,2.968,0,3548,0
168,5,4,2,1,4,5,1,1,4,61,5.458,1,16,1
59,3,0,0,1,0,4,1,0,0,24,3.322,0,2869,0
21,1,0,0,0,1,1,1,0,0,25,2.766,0,2100,0
31,1,0,0,1,1,2,1,0,0,6,3.562,0,4989,0
30,2,0,0,1,2,2,1,0,0,28,2.719,0,3093,0
56,3,0,0,1,1,2,1,0,0,5,2.878,0,1608,0
20,2,1,0,1,1,4,1,0,0,17,3.663,0,526,0
48,2,1,0,1,0,1,1,0,0,29,3.093,0,4219,0
29,1,1,0,1,2,4,1,0,1,10,3.428,0,1403,0
39,2,0,0,0,1,1,1,0,0,7,2.858,0,4822,0
43,2,1,0,0,2,0,1,0,1,13,3.969,0,4913,0
186,6,7,1,1,2,11,0,0,4,35,4.181,1,47,1
58,2,1,0,0,2,0,1,0,1,11,3.069,0,2925,0
15,3,0,0,0,1,4,1,0,0,29,3.338,0,4683,0
15,1,1,0,1,1,0,1,0,0,24,3.464,0,854,0
41,1,1,0,1,1,2,1,0,1,11,2.987,0,706,0
30,2,1,0,1,2,1,1,0,0,0,3.596,0,4977,0
106,7,7,1,1,4,13,1,1,5,30,4.469,1,114,1
62,5,4,1,4,5,5,1,0,2,55,3.737,1,135,1
38,2,0,0,1,1,0,1,0,0,11,2.7,0,708,0
129,9,5,0,4,3,5,0,0,3,28,4.402,1,97,1
188,7,2,0,3,3,5,1,0,2,84,5.304,1,52,1
127,5,2,1,3,3,8,0,1,3,69,4.031,1,137,1
24,3,1,0,0,0,4,1,0,1,3,2.816,0,3522,0
19,3,0,0,0,1,0,1,0,0,20,2.644,0,3868,0
35,3,0,0,1,2,3,1,0,1,27,2.521,0,4893,0
115,3,5,0,3,3,13,0,1,5,54,4.014,0,143,1
44,3,1,0,0,0,1,1,0,1,21,3.406,0,2659,0
120,4,6,0,2,1,4,1,1,4,100,4.368,1,158,1
56,3,0,0,1,1,0,1,0,1,1,3.363,0,2442,0
152,3,6,1,1,5,10,1,0,2,102,4.66,0,25,1
24,3,1,0,0,2,1,1,0,1,20,3.167,0,503,0
57,3,6,0,4,3,13,1,1,3,81,5.377,1,39,1
49,1,1,0,0,0,3,1,0,0,22,3.672,0,1427,0
114,7,6,2,2,5,10,0,0,2,39,3.9,0,51,1
40,2,0,0,1,2,2,1,0,0,22,3.268,0,1896,0
39,2,1,0,0,1,2,1,0,0,28,3.602,0,1463,0
56,2,0,0,0,1,4,1,0,1,13,3.424,0,1287,0
174,5,4,0,4,3,7,1,1,4,36,4.478,1,146,1
51,3,0,0,1,1,3,1,0,0,16,2.632,0,4519,0
119,7,6,1,3,3,14,0,0,5,75,4.972,1,32,1
178,3,4,2,1,1,9,0,0,2,29,4.078,0,71,1
39,2,0,0,0,0,2,1,0,1,23,3.465,0,2480,0
198,5,5,0,4,2,4,1,1,5,82,3.989,1,102,1
47,1,0,0,0,2,1,1,0,1,20,3.86,0,4383,0
58,1,0,0,1,1,4,1,0,1,19,3.117,0,4729,0
34,2,1,0,1,2,4,1,0,1,16,2.949,0,2124,0
55,2,1,0,1,0,0,1,0,1,1,2.643,0,3581,0
57,1,1,0,0,0,0,1,0,1,9,2.81,0,4745,0
43,1,0,0,1,2,1,1,0,1,4,3.624,0,863,0
39,1,1,0,0,1,1,1,0,1,12,3.955,0,2217,0
151,3,5,2,2,3,8,0,0,2,94,4.477,1,123,1
182,9,2,1,2,1,8,0,0,3,91,5.111,0,128,1
52,3,1,0,0,2,0,1,0,0,23,3.053,0,2620,0
54,2,0,0,0,2,0,1,0,1,21,3.752,0,2416,0
35,3,0,0,1,1,4,1,0,0,29,2.961,0,1395,0
46,2,0,0,1,1,1,1,0,1,13,2.619,0,1043,0
38,2,1,0,1,1,2,1,0,1,3,3.917,0,4642,0
48,2,1,0,0,2,1,1,0,1,0,3.328,0,753,0
189,3,2,0,3,1,8,0,1,3,68,3.913,1,126,1
169,5,3,1,2,3,6,0,1,3,116,5.448,1,99,1
31,3,1,0,0,0,3,1,0,1,11,3.252,0,2796,0
126,9,3,2,2,3,10,1,0,4,54,3.865,1,78,1
24,2,1,0,0,2,2,1,0,0,5,3.842,0,3243,0
27,1,0,0,0,0,3,1,0,1,4,2.637,0,2005,0
44,2,1,0,0,2,3,1,0,1,8,2.984,0,4590,0
20,1,0,0,0,1,4,1,0,1,23,3.676,0,414,0
95,4,6,0,4,2,3,1,1,5,82,3.626,1,99,1
19,3,0,0,0,1,0,1,0,1,2,2.65,0,2616,0
109,5,5,0,3,3,4,0,1,2,108,5.225,0,19,1
40,2,0,0,1,2,4,1,0,1,4,3.901,0,1825,0
153,8,2,2,4,4,9,1,0,4,80,4.094,1,174,1
16,2,0,0,0,2,4,1,0,0,16,3.759,0,1664,0
170,7,7,0,4,3,7,0,0,2,73,4.703,1,116,1
18,3,1,0,0,0,3,1,0,0,0,3.416,0,4780,0
45,2,1,0,1,2,1,1,0,0,29,3.376,0,4087,0
39,2,1,0,1,1,1,1,0,0,12,2.747,0,1380,0
126,9,2,0,2,3,6,0,1,4,32,4.605,1,110,1
185,9,6,2,3,4,11,0,0,3,65,4.731,0,14,1
48,3,0,0,0,1,0,1,0,1,11,2.64,0,1751,0
51,5,2,1,3,5,9,0,0,2,88,5.017,1,53,1
73,3,6,0,1,4,6,0,0,3,91,3.569,1,70,1
70,6,5,0,3,2,10,1,1,3,98,3.507,0,96,1
55,1,1,0,1,2,1,1,0,1,6,3.641,0,4876,0
25,3,0,0,0,0,4,1,0,0,25,3.101,0,2312,0
18,2,0,0,0,0,2,1,0,0,5,3.066,0,3857,0
25,3,1,0,1,1,2,1,0,1,25,3.006,0,1555,0
64,4,2,0,4,4,7,0,0,2,99,5.12,1,134,1
45,2,1,0,0,2,2,1,0,0,18,2.778,0,3927,0
114,7,5,2,2,1,4,0,0,3,30,3.954,1,72,1
40,2,0,0,1,1,4,1,0,1,29,2.651,0,2004,0
151,5,7,2,2,5,10,1,0,5,100,4.514,1,119,1
29,3,1,0,0,0,0,1,0,1,3,2.899,0,507,0
49,2,1,0,1,1,1,1,0,0,1,2.699,0,4624,0
94,6,2,2,3,4,5,1,0,3,33,3.623,0,112,1
147,3,7,0,4,5,10,0,0,3,108,4.026,1,127,1
24,3,0,0,0,2,1,1,0,1,11,2.85,0,3961,0
47,1,1,0,0,2,3,1,0,0,16,2.565,0,1608,0
81,4,3,2,4,2,4,0,1,3,72,4.136,1,43,1
76,3,7,1,4,5,4,0,1,2,63,5.069,1,167,1
21,3,0,0,1,2,2,1,0,1,21,3.402,0,3126,0
59,1,0,0,0,1,4,1,0,0,14,3.93,0,912,0
134,8,6,2,3,4,4,0,1,4,102,3.708,1,6,1
139,6,4,0,1,2,10,0,0,4,20,5.273,0,169,1
53,1,0,0,0,0,4,1,0,0,25,2.734,0,4791,0
151,8,3,1,2,4,9,1,1,4,54,5.235,0,38,1
70,7,4,2,1,2,11,0,1,4,48,5.498,1,61,1
186,4,4,1,2,5,5,1,0,2,32,4.355,0,21,1
103,8,5,2,2,5,12,0,0,3,63,4.202,1,116,1
53,2,1,0,1,1,1,1,0,1,17,3.088,0,2847,0
97,6,7,1,4,2,9,1,0,5,51,4.932,1,121,1
23,2,0,0,0,2,4,1,0,0,9,3.789,0,4836,0
103,3,6,1,2,2,9,1,1,2,77,3.911,1,138,1
58,2,0,0,1,2,2,1,0,1,1,2.863,0,2486,0
30,1,0,0,1,1,3,1,0,0,2,3.461,0,1697,0
104,4,7,1,4,5,6,0,1,4,96,3.898,1,38,1
161,5,3,2,3,1,12,0,1,5,78,3.825,1,177,1
153,9,6,2,4,4,9,1,1,5,51,4.093,1,13,1
132,6,7,1,1,1,6,1,1,4,56,5.222,1,72,1
43,2,1,0,1,0,3,1,0,0,11,2.587,0,757,0
104,3,7,0,4,2,7,0,1,5,28,3.741,1,84,1
168,8,3,1,4,3,3,1,1,3,85,3.997,1,94,1
194,5,7,2,4,1,5,0,1,2,89,3.749,1,152,1
24,1,0,0,1,1,4,1,0,1,1,2.632,0,1707,0
21,1,0,0,0,0,3,1,0,0,26,3.458,0,980,0
173,7,7,2,3,1,7,0,0,3,67,5.244,0,173,1
58,1,1,0,1,0,0,1,0,1,1,3.204,0,4649,0
25,2,0,0,1,0,1,1,0,1,11,3.8,0,3666,0
21,2,0,0,1,2,4,1,0,0,25,3.904,0,3510,0
70,6,4,1,1,3,10,1,0,2,47,4.37,0,169,1
51,3,1,0,1,2,2,1,0,1,22,3.719,0,2910,0
59,3,1,0,0,1,1,1,0,0,8,2.613,0,1605,0
30,1,1,0,0,2,1,1,0,0,12,3.575,0,2787,0
24,2,1,0,1,0,3,1,0,1,8,2.918,0,1060,0
87,7,4,1,3,5,5,1,1,5,33,3.588,1,134,1
80,7,7,2,4,3,4,0,1,5,46,5.103,1,35,1
157,9,2,1,1,3,10,1,1,3,37,4.247,0,169,1
148,8,7,1,3,2,9,0,0,5,43,3.6,0,138,1
101,8,3,0,4,2,10,0,1,2,112,4.586,1,88,1
62,8,4,2,2,4,7,0,1,2,56,3.899,1,60,1
38,2,0,0,1,0,0,1,0,0,14,2.748,0,2933,0
55,1,1,0,1,1,4,1,0,1,16,2.655,0,1706,0
25,2,0,0,0,0,1,1,0,1,0,3.93,0,2524,0
21,1,1,0,1,2,0,1,0,0,6,2.831,0,3657,0
23,2,0,0,0,0,0,1,0,0,26,3.921,0,4658,0
31,2,0,0,1,0,0,1,0,1,26,3.766,0,4483,0
29,3,0,0,0,0,4,1,0,1,10,2.616,0,3566,0
25,3,0,0,0,2,4,1,0,0,13,2.832,0,4863,0
141,7,3,2,2,3,8,1,0,4,52,4.534,1,46,1
176,7,6,0,4,5,3,0,0,5,113,3.517,0,100,1
42,1,0,0,0,0,1,1,0,1,19,2.806,0,2451,0
155,5,4,2,4,3,12,1,0,5,30,4.177,0,114,1
100,3,6,1,1,3,12,0,0,4,96,4.486,1,87,1
144,5,7,2,1,3,3,1,1,5,38,4.097,1,134,1
48,1,0,0,1,1,3,1,0,0,7,3.389,0,3006,0
46,3,0,0,0,1,1,1,0,1,5,3.143,0,730,0
20,1,1,0,1,1,1,1,0,1,19,3.724,0,3487,0
125,8,6,0,1,1,10,0,0,3,66,4.072,0,74,1
53,1,0,0,0,0,2,1,0,0,14,3.973,0,4083,0
31,1,1,0,0,2,2,1,0,0,16,3.773,0,3791,0
42,1,0,0,1,2,1,1,0,1,17,3.269,0,3722,0
174,3,6,1,3,4,7,0,1,4,104,4.823,0,8,1
35,1,0,0,1,2,4,1,0,1,17,3.473,0,1303,0
153,9,3,0,4,4,7,0,0,2,56,5.139,1,113,1
187,3,5,1,4,4,7,0,1,2,34,3.762,1,99,1
75,9,6,2,1,4,8,1,1,5,39,4.132,1,67,1
57,1,0,0,1,0,2,1,0,1,14,3.806,0,3016,0
19,1,0,0,1,0,1,1,0,1,21,3.532,0,4271,0
28,2,1,0,0,2,4,1,0,0,0,2.637,0,4606,0
52,6,7,0,2,4,4,0,0,4,106,4.678,1,88,1
17,3,0,0,1,1,2,1,0,1,21,3.888,0,1622,0
40,3,0,0,0,2,2,1,0,0,10,3.19,0,2736,0
19,2,0,0,1,2,3,1,0,0,7,3.143,0,2559,0
59,3,0,0,1,0,1,1,0,0,1,3.141,0,3722,0
39,2,1,0,0,0,0,1,0,1,2,2.625,0,4218,0
34,1,1,0,0,1,0,1,0,1,26,3.331,0,4314,0
175,6,5,2,1,3,14,0,0,5,112,3.539,0,53,1
171,8,4,2,4,1,3,1,0,5,64,3.752,1,4,1
56,7,7,2,4,5,6,0,1,3,45,3.682,0,125,1
96,7,7,1,3,1,10,0,0,3,54,3.756,1,52,1
174,7,6,1,2,1,5,0,1,3,94,4.228,0,172,1
75,4,3,2,3,2,8,0,1,2,37,5.383,1,46,1
81,7,6,1,4,4,7,1,1,5,65,3.876,0,88,1
129,5,7,1,3,1,14,1,1,3,113,4.948,0,84,1
96,9,6,1,1,5,12,1,1,4,35,4.212,0,134,1
45,1,0,0,1,1,4,1,0,0,27,3.305,0,1765,0
18,2,0,0,0,1,3,1,0,0,7,2.533,0,614,0
152,4,5,2,4,5,14,1,0,3,102,4.127,0,42,1
55,3,1,0,1,0,1,1,0,1,15,3.196,0,3123,0
175,3,6,0,3,4,11,1,0,2,26,4.436,0,3,1
59,2,0,0,1,1,0,1,0,1,10,2.632,0,1366,0
131,9,6,0,4,3,8,0,1,5,114,4.396,1,159,1
26,1,0,0,0,2,0,1,0,0,8,3.067,0,4317,0
35,2,0,0,0,1,1,1,0,0,0,2.812,0,4607,0
183,6,5,1,2,2,6,0,0,5,83,3.564,1,3,1
51,3,1,0,1,1,3,1,0,0,16,3.833,0,2720,0
149,8,3,2,3,2,10,0,1,4,27,3.863,0,21,1
25,1,1,0,1,2,2,1,0,0,20,3.112,0,1490,0
93,5,3,1,2,2,11,0,1,4,109,3.812,1,35,1
17,1,0,0,0,2,4,1,0,0,16,3.942,0,2871,0
199,9,2,0,3,2,4,0,0,4,105,5.258,0,14,1
23,1,0,0,1,2,3,1,0,1,26,3.611,0,1993,0
43,2,1,0,1,1,0,1,0,0,23,3.759,0,2802,0
44,1,1,0,0,2,3,1,0,0,20,2.938,0,1312,0
21,2,0,0,1,2,2,1,0,1,25,3.551,0,4099,0
17,2,0,0,1,1,4,1,0,0,12,3.549,0,2667,0
123,6,2,0,4,5,5,0,1,2,106,5.383,1,148,1
36,1,0,0,0,0,4,1,0,1,13,3.077,0,2012,0
152,9,7,1,3,2,4,0,0,4,98,5.374,0,176,1
123,4,2,2,2,1,6,1,1,5,32,5.131,1,144,1
142,7,2,0,4,4,9,0,0,4,80,5.483,1,170,1
39,2,1,0,0,2,3,1,0,1,26,2.506,0,2591,0
45,3,1,0,1,2,4,1,0,1,6,2.741,0,2768,0
73,6,5,0,4,5,9,0,0,3,102,5.29,1,115,1
53,1,1,0,0,1,2,1,0,1,24,3.417,0,3315,0
37,3,1,0,0,2,3,1,0,0,1,3.066,0,2864,0
44,3,0,0,1,0,0,1,0,1,3,3.709,0,1641,0
107,9,6,0,4,1,6,0,1,4,28,4.812,1,114,1
76,9,6,0,1,4,11,1,1,4,62,4.584,1,133,1
23,3,1,0,1,0,4,1,0,1,18,3.899,0,2543,0
66,3,2,0,2,4,9,1,1,2,81,4.906,0,23,1
98,7,5,0,1,2,11,0,1,3,50,3.724,0,144,1
21,3,0,0,1,1,3,1,0,0,10,3.719,0,4583,0
110,7,7,2,4,4,4,0,1,2,82,5.202,1,88,1
182,9,2,1,4,4,10,1,0,4,103,4.533,1,172,1
134,7,4,2,4,4,13,1,1,3,33,3.717,1,159,1
36,2,0,0,0,2,3,1,0,1,22,3.975,0,1728,0
22,3,1,0,1,0,1,1,0,0,20,3.158,0,1068,0
67,7,6,2,3,4,3,0,1,5,111,4.166,1,179,1
17,2,1,0,0,2,0,1,0,1,3,3.848,0,4288,0
69,7,6,2,3,1,8,1,1,3,105,4.119,1,97,1
103,9,7,2,1,3,13,1,1,5,71,4.294,0,116,1
63,9,5,1,4,2,11,0,1,3,27,4.267,0,84,1
46,3,1,0,0,2,4,1,0,0,17,3.14,0,756,0
59,2,0,0,0,1,2,1,0,1,7,3.517,0,4295,0
59,3,6,1,2,5,13,0,0,5,28,4.327,1,73,1
146,4,6,2,3,5,8,0,0,5,34,4.133,0,101,1
136,5,6,2,4,2,8,0,0,2,82,5.273,1,165,1
53,4,7,0,3,4,11,0,0,3,28,4.122,1,19,1
28,3,0,0,0,0,1,1,0,0,14,2.704,0,1474,0
29,1,1,0,1,0,1,1,0,1,4,3.282,0,2218,0
43,2,1,0,1,2,3,1,0,0,13,3.393,0,526,0
58,2,1,0,1,2,4,1,0,1,25,3.48,0,1439,0
37,2,1,0,0,0,3,1,0,1,13,3.366,0,1306,0
26,1,1,0,0,1,1,1,0,1,26,3.303,0,2267,0
58,2,1,0,1,2,1,1,0,1,16,3.435,0,1284,0
59,1,0,0,0,2,2,1,0,1,11,3.596,0,2344,0
39,2,1,0,0,2,4,1,0,1,2,3.164,0,4373,0
22,1,1,0,0,1,3,1,0,1,23,3.768,0,1517,0
150,9,5,0,2,3,12,0,1,3,47,4.253,0,141,1
141,8,7,0,3,3,4,1,1,2,42,3.885,1,91,1
160,8,3,2,4,1,3,0,0,4,52,3.702,1,35,1
79,3,6,0,2,5,3,0,1,4,70,4.807,0,79,1
105,4,3,1,4,1,9,0,1,2,22,4.399,1,142,1
171,4,2,2,2,5,3,0,0,2,114,4.021,1,52,1
30,1,0,0,0,0,4,1,0,0,20,2.972,0,3190,0
75,9,7,1,4,4,11,0,1,2,75,4.781,1,47,1
39,2,1,0,0,0,2,1,0,0,3,2.697,0,635,0
35,1,0,0,0,2,1,1,0,1,3,2.974,0,1430,0
187,7,2,1,3,1,7,0,1,3,40,3.918,1,89,1
40,2,1,0,0,1,1,1,0,1,16,3.892,0,1850,0
123,4,5,1,3,3,7,0,1,2,60,5.375,0,54,1
137,7,2,0,1,5,13,1,0,3,37,3.511,1,24,1
34,3,0,0,1,1,0,1,0,1,23,3.32,0,872,0
22,3,1,0,1,0,0,1,0,1,26,3.694,0,3550,0
18,3,1,0,0,0,1,1,0,0,6,3.003,0,2060,0
154,5,4,1,1,1,5,0,0,2,97,4.005,1,160,1
72,8,7,2,3,2,13,1,1,5,71,5.27,0,140,1
118,8,4,2,4,4,10,1,0,3,118,3.708,1,131,1
36,3,1,0,0,0,4,1,0,0,4,2.575,0,3140,0
53,3,2,1,2,5,5,0,1,5,87,4.794,1,66,1
16,2,1,0,0,0,2,1,0,1,6,2.698,0,2368,0
30,3,0,0,1,2,1,1,0,1,13,2.938,0,4998,0
59,3,1,0,0,0,4,1,0,0,1,3.645,0,1170,0
41,2,0,0,0,1,0,1,0,0,3,2.874,0,2670,0
35,3,0,0,1,2,0,1,0,0,16,2.6,0,1220,0
47,2,0,0,1,2,0,1,0,0,20,3.624,0,4290,0
147,5,2,1,4,1,11,1,1,4,32,4.58,0,100,1
36,3,0,0,0,2,2,1,0,1,15,3.973,0,3615,0
21,2,0,0,1,1,3,1,0,1,20,3.523,0,1826,0
29,2,0,0,0,1,3,1,0,1,3,2.602,0,1405,0
59,3,1,0,1,1,3,1,0,1,4,3.794,0,632,0
112,5,2,2,4,5,4,1,1,3,70,5.39,0,37,1
61,4,7,2,4,5,7,1,1,2,73,5.01,1,47,1
92,4,2,2,3,4,3,0,1,5,64,4.896,0,164,1
46,2,1,0,0,2,2,1,0,0,21,3.507,0,3401,0
59,1,1,0,1,2,1,1,0,0,2,3.832,0,4695,0
93,6,3,0,1,1,4,0,1,2,48,5.189,1,115,1
52,2,1,0,1,2,0,1,0,1,27,2.788,0,2147,0
145,9,6,0,1,3,12,0,0,4,112,4.187,1,15,1
88,7,4,2,4,1,10,1,0,4,53,4.561,0,11,1
33,3,0,0,1,2,3,1,0,0,24,3.642,0,726,0
32,1,1,0,0,1,1,1,0,0,7,2.606,0,4379,0
63,3,5,0,3,5,3,1,0,3,113,5.447,1,104,1
32,3,0,0,0,0,0,1,0,0,22,2.973,0,3352,0
56,9,7,1,4,2,5,0,0,3,70,4.349,1,108,1
58,9,7,0,3,4,5,0,0,2,106,4.38,1,3,1
54,1,0,0,0,2,3,1,0,1,10,3.28,0,4662,0
115,6,3,2,1,1,11,0,1,5,75,4.117,1,79,1
17,3,1,0,1,1,3,1,0,1,15,2.964,0,3992,0
44,1,0,0,1,1,1,1,0,1,6,2.801,0,2534,0
42,3,0,0,0,1,2,1,0,1,9,2.636,0,4232,0
35,3,1,0,1,1,0,1,0,0,27,3.441,0,4761,0
43,1,1,0,1,0,1,1,0,0,8,3.82,0,4651,0
42,2,0,0,0,1,3,1,0,1,4,3.091,0,3524,0
115,8,6,2,2,2,8,1,1,5,47,3.982,0,64,1
132,6,5,0,3,1,4,1,1,4,48,5.141,1,178,1
43,3,1,0,1,2,3,1,0,1,23,3.368,0,3641,0
25,1,1,0,0,2,3,1,0,1,5,2.663,0,2255,0
18,3,0,0,1,2,1,1,0,0,9,3.499,0,2541,0
45,3,0,0,0,2,3,1,0,0,18,2.646,0,4586,0
87,4,7,1,3,2,8,0,1,5,76,4.575,1,7,1
39,3,1,0,1,0,4,1,0,1,26,2.86,0,1635,0
27,3,0,0,1,0,3,1,0,1,14,3.696,0,3593,0
58,1,0,0,1,0,3,1,0,1,27,2.843,0,2583,0
167,9,7,2,3,5,10,0,0,4,107,5.243,1,34,1
15,3,1,0,1,1,3,1,0,0,0,2.976,0,3281,0
34,2,1,0,0,0,1,1,0,1,9,2.85,0,1209,0
79,8,3,2,3,3,6,0,0,5,75,4.434,1,62,1
28,2,0,0,0,0,1,1,0,0,14,3.442,0,2651,0
50,1,1,0,1,0,1,1,0,1,1,3.516,0,2796,0
137,9,4,0,3,1,3,0,1,5,23,4.621,1,24,1
132,3,6,2,3,4,5,1,1,4,49,4.584,0,29,1
39,3,0,0,1,0,3,1,0,1,29,3.074,0,2988,0
15,2,0,0,1,0,1,1,0,1,12,3.482,0,3315,0
71,3,4,0,2,3,3,0,1,2,75,5.072,1,173,1
65,9,4,0,4,3,4,0,0,2,21,4.319,1,5,1
47,3,0,0,1,2,1,1,0,0,27,3.795,0,3469,0
15,1,1,0,0,2,4,1,0,0,16,2.667,0,2038,0
24,2,0,0,1,0,4,1,0,1,7,2.768,0,2450,0
22,2,1,0,0,2,1,1,0,0,9,2.624,0,2077,0
96,5,4,1,4,4,10,0,1,4,115,4.644,0,96,1
169,6,4,2,4,4,6,1,0,5,44,4.363,1,139,1
50,1,0,0,0,2,0,1,0,0,15,3.743,0,736,0
165,8,3,2,2,4,9,0,1,2,119,3.59,0,34,1
88,9,4,1,2,3,11,0,1,2,20,4.253,1,3,1
21,3,0,0,0,1,3,1,0,0,8,3.731,0,1054,0
16,3,0,0,0,2,4,1,0,1,15,3.173,0,905,0
18,2,1,0,0,0,0,1,0,0,13,2.568,0,4859,0
28,3,0,0,0,0,4,1,0,0,22,3.27,0,2598,0
195,4,5,2,4,2,5,1,1,3,75,3.914,1,56,1
36,2,0,0,0,0,4,1,0,1,22,3.124,0,2658,0
38,2,0,0,0,0,0,1,0,1,22,3.11,0,2626,0
161,5,3,2,2,1,7,0,0,2,77,3.557,0,3,1
16,3,0,0,0,0,0,1,0,0,27,2.61,0,3986,0
42,2,1,0,0,0,1,1,0,0,16,2.916,0,4240,0
69,4,4,2,3,3,7,0,0,5,105,3.758,1,162,1
53,1,0,0,0,2,0,1,0,1,28,3.442,0,3540,0
52,1,0,0,0,0,4,1,0,1,18,2.807,0,1019,0
174,6,2,0,4,3,13,1,1,5,58,4.879,1,98,1
26,3,1,0,1,0,4,1,0,0,4,2.788,0,3257,0
145,4,6,0,3,1,5,1,1,5,35,3.693,1,109,1
102,6,3,0,4,4,7,0,1,5,26,4.171,1,143,1
83,5,4,2,1,3,3,0,1,2,116,3.829,1,136,1
195,6,7,1,2,5,11,0,1,5,82,4.867,0,152,1
48,3,1,0,1,1,1,1,0,1,19,3.158,0,3520,0
40,2,1,0,0,2,2,1,0,1,26,2.863,0,4754,0
26,2,0,0,0,0,4,1,0,1,4,2.843,0,3780,0
76,6,3,2,2,2,7,0,0,2,99,5.01,0,142,1
139,3,4,1,3,5,4,1,0,4,59,4.546,0,1,1
87,3,2,1,1,3,3,0,0,4,85,4.118,1,45,1
35,3,0,0,0,2,0,1,0,0,12,3.513,0,1882,0
18,2,0,0,0,2,0,1,0,0,12,3.134,0,670,0
53,1,0,0,0,0,0,1,0,1,18,3.743,0,1026,0
20,3,0,0,0,0,0,1,0,1,12,3.674,0,3595,0
28,2,1,0,0,0,2,1,0,0,11,3.31,0,1299,0
75,7,6,0,3,5,12,1,0,5,77,5.292,0,102,1
67,5,7,2,2,3,10,0,1,5,89,4.133,1,159,1
16,2,1,0,1,1,3,1,0,0,20,2.935,0,3742,0
106,3,6,2,2,1,14,0,1,3,61,4.951,1,165,1
59,2,1,0,1,2,2,1,0,0,24,3.606,0,2440,0
23,2,1,0,0,0,2,1,0,1,4,2.65,0,2301,0
42,1,0,0,1,0,1,1,0,0,15,2.61,0,4051,0
37,2,1,0,1,2,0,1,0,1,15,2.536,0,1130,0
110,3,2,1,3,2,8,0,1,4,47,3.934,0,48,1
185,6,7,1,3,5,10,0,1,5,58,4.783,1,21,1
22,3,1,0,1,0,4,1,0,1,24,3.393,0,4800,0
128,4,2,0,2,3,14,0,1,2,116,4.362,1,109,1
31,2,1,0,1,0,4,1,0,0,1,3.711,0,1470,0
53,1,1,0,0,2,3,1,0,1,12,2.615,0,3348,0
49,1,1,0,0,2,3,1,0,0,2,3.281,0,2697,0
110,5,7,2,3,2,5,1,0,5,50,5.42,1,83,1
85,8,3,0,2,2,13,0,1,2,90,5.446,1,23,1
27,1,0,0,0,0,4,1,0,1,18,3.923,0,3554,0
25,1,0,0,1,2,0,1,0,1,11,3.489,0,589,0
27,2,1,0,0,0,4,1,0,0,6,3.723,0,1283,0
160,4,7,0,1,5,5,1,1,3,110,4.713,1,24,1
59,7,3,0,2,4,12,0,1,5,110,4.069,1,77,1
115,5,5,2,3,2,7,1,0,3,34,4.872,1,89,1
78,5,3,1,2,2,7,0,0,3,22,4.34,1,125,1
54,3,1,0,1,0,0,1,0,0,17,3.063,0,2969,0
17,2,1,0,0,0,2,1,0,0,4,2.648,0,2081,0
194,4,7,0,2,4,8,1,0,3,45,4.414,1,92,1
103,4,2,0,4,1,4,0,0,3,100,4.529,0,2,1
45,2,0,0,1,1,1,1,0,1,27,3.962,0,2429,0
39,1,1,0,1,1,2,1,0,0,6,3.399,0,2043,0
52,3,1,0,0,0,3,1,0,0,27,2.744,0,1277,0
123,3,7,2,1,2,3,0,1,4,27,3.766,1,158,1
161,3,4,1,4,5,12,0,1,5,48,4.897,0,23,1
87,8,3,1,3,1,12,0,1,3,74,4.47,0,132,1
52,5,3,2,3,5,3,1,1,3,96,4.918,0,91,1
56,2,0,0,1,0,0,1,0,0,14,3.301,0,1917,0
41,1,1,0,0,1,1,1,0,1,5,2.841,0,1179,0
54,3,1,0,1,2,3,1,0,0,20,2.632,0,1180,0
161,9,3,2,1,1,14,0,1,3,117,3.671,1,177,1
50,1,0,0,0,1,2,1,0,0,24,3.22,0,1341,0
45,1,1,0,1,2,2,1,0,0,1,3.506,0,4114,0
43,2,1,0,0,1,2,1,0,0,0,2.67,0,3841,0
27,2,0,0,0,2,2,1,0,0,2,2.987,0,4834,0
134,4,7,1,4,2,12,0,1,4,90,5.31,0,55,1
38,3,1,0,1,2,2,1,0,0,13,2.723,0,872,0
29,3,0,0,1,0,2,1,0,1,16,3.798,0,4167,0
19,1,1,0,1,1,3,1,0,0,7,3.654,0,2741,0
32,3,1,0,1,1,4,1,0,1,14,3.884,0,859,0
20,3,0,0,0,0,3,1,0,0,14,2.622,0,3958,0
40,3,0,0,0,0,4,1,0,1,18,3.155,0,4489,0
48,1,0,0,0,2,3,1,0,1,24,3.497,0,4332,0
19,2,0,0,0,2,3,1,0,1,15,2.738,0,3109,0
160,3,3,1,2,4,6,0,1,3,113,5.437,1,164,1
50,5,3,2,4,3,14,0,1,4,27,4.007,1,17,1
46,2,1,0,1,2,0,1,0,1,28,3.713,0,3566,0
56,3,1,0,0,0,2,1,0,0,17,3.949,0,4593,0
48,2,0,0,0,1,0,1,0,1,26,2.586,0,4122,0
59,8,7,0,1,4,7,1,1,3,113,3.929,1,108,1
83,6,4,2,2,3,7,1,1,4,54,4.824,1,60,1
17,1,0,0,0,0,0,1,0,0,17,3.923,0,2728,0
30,2,1,0,1,2,1,1,0,0,28,2.969,0,1494,0
79,5,5,0,2,3,7,1,1,3,76,4.649,1,69,1
15,2,1,0,1,0,0,1,0,1,17,2.558,0,2644,0
98,4,6,0,1,5,7,0,1,4,57,5.164,1,126,1
129,9,6,1,3,1,5,1,0,3,30,3.986,0,89,1
30,3,0,0,1,0,3,1,0,0,3,3.438,0,1902,0
43,2,1,0,1,0,1,1,0,1,15,3.267,0,4906,0
24,2,0,0,1,0,3,1,0,0,0,3.989,0,402,0
19,2,0,0,1,0,2,1,0,1,13,2.959,0,3335,0
113,5,2,1,4,1,10,0,1,3,80,4.719,1,151,1
24,2,1,0,1,2,4,1,0,0,21,2.936,0,975,0
155,4,5,0,2,3,9,0,1,4,35,4.838,1,70,1
66,5,3,2,3,4,10,0,0,3,34,4.078,1,172,1
30,1,0,0,0,2,4,1,0,0,29,3.452,0,1648,0
35,1,0,0,0,1,0,1,0,1,24,3.47,0,4007,0
196,7,3,2,3,2,10,1,1,5,85,5.26,1,171,1
126,7,5,0,1,1,3,0,1,4,20,4.937,0,139,1
22,3,1,0,1,2,1,1,0,0,24,2.929,0,3210,0
46,1,1,0,0,0,3,1,0,1,23,3.916,0,4957,0
56,6,7,0,1,4,10,0,0,2,82,4.836,1,103,1
44,2,0,0,0,0,1,1,0,0,28,3.331,0,1277,0
45,2,0,0,0,0,1,1,0,1,28,3.591,0,4240,0
63,4,6,1,3,4,4,1,1,5,105,5.224,1,163,1
180,4,2,1,1,3,4,1,0,4,37,5.181,1,80,1
182,4,7,2,3,3,11,0,1,5,67,3.711,1,99,1
19,1,1,0,1,0,1,1,0,0,2,3.721,0,1167,0
43,1,1,0,0,0,4,1,0,0,1,3.365,0,4337,0
41,3,0,0,1,0,3,1,0,1,24,2.648,0,687,0
38,1,0,0,0,1,3,1,0,1,5,3.643,0,4579,0
41,3,1,0,1,2,2,1,0,0,11,3.251,0,1813,0
49,3,0,0,1,0,3,1,0,1,0,3.756,0,1219,0
29,3,1,0,1,0,3,1,0,0,29,3.958,0,1656,0
32,3,1,0,0,2,4,1,0,0,6,3.786,0,2958,0
45,3,1,0,0,2,4,1,0,0,22,2.903,0,3759,0
52,3,1,0,1,2,0,1,0,0,0,3.918,0,3225,0
190,8,6,0,3,4,14,0,0,5,81,5.166,0,177,1
45,2,1,0,1,1,4,1,0,0,14,3.959,0,1053,0
181,6,3,1,1,1,5,1,0,2,91,3.621,1,28,1
22,3,0,0,1,2,2,1,0,0,16,3.921,0,3538,0
32,2,1,0,1,1,4,1,0,0,7,2.865,0,1357,0
27,1,1,0,1,0,0,1,0,0,12,2.641,0,3494,0
22,2,0,0,1,0,1,1,0,1,21,2.875,0,2185,0
179,4,3,1,1,5,14,0,1,5,21,4.262,1,98,1
26,3,0,0,0,2,1,1,0,0,23,3.214,0,1544,0
117,7,2,2,1,1,5,0,0,3,99,5.444,0,6,1
55,1,1,0,0,0,0,1,0,0,10,3.738,0,2090,0
70,4,7,0,3,1,7,1,1,3,84,4.843,0,60,1
89,8,4,0,3,3,13,1,0,4,91,4.27,1,95,1
50,2,0,0,0,1,0,1,0,1,28,3.688,0,4240,0
80,5,6,1,2,1,5,0,0,4,59,5.266,1,4,1
18,3,1,0,1,2,1,1,0,0,10,3.894,0,3671,0
40,3,0,0,1,2,0,1,0,1,28,3.492,0,3134,0
38,3,0,0,0,2,1,1,0,0,28,2.802,0,2637,0
57,1,0,0,0,1,0,1,0,0,0,3.211,0,2046,0
99,9,6,0,4,1,6,0,1,3,101,4.325,0,129,1
15,3,1,0,1,2,3,1,0,1,14,3.047,0,4727,0
50,1,1,0,1,1,4,1,0,1,24,2.581,0,2743,0
141,3,3,2,3,5,11,0,1,2,52,5.229,0,161,1
27,3,1,0,1,2,2,1,0,0,10,2.566,0,2831,0
181,9,3,1,1,5,4,0,1,3,113,3.589,1,119,1
25,2,0,0,1,0,0,1,0,0,24,3.472,0,3040,0
43,2,1,0,1,2,1,1,0,0,13,3.571,0,3422,0
88,6,4,0,4,5,6,1,1,5,43,3.774,1,126,1
105,7,4,0,1,3,12,0,1,5,20,4.149,1,51,1
87,6,5,2,4,1,4,1,1,4,80,4.291,1,97,1
28,1,1,0,1,2,2,1,0,0,8,3.193,0,4258,0
38,2,0,0,1,1,2,1,0,1,0,3.728,0,2342,0
76,3,7,2,1,5,13,1,1,4,60,4.544,1,99,1
36,1,1,0,1,1,3,1,0,0,1,3.301,0,4409,0
64,6,4,2,1,2,12,0,0,2,114,3.896,0,172,1
31,2,1,0,0,2,3,1,0,0,8,3.11,0,474,0
121,9,3,0,4,1,3,1,1,2,76,3.858,1,144,1
153,8,6,2,3,2,3,0,1,2,75,5.061,1,6,1
41,1,1,0,1,1,0,1,0,1,11,2.998,0,2246,0
48,1,1,0,0,2,4,1,0,0,6,3.291,0,3209,0
55,1,1,0,0,2,1,1,0,0,6,3.526,0,2701,0
44,2,1,0,0,2,0,1,0,1,1,2.7,0,735,0
182,4,3,0,2,4,8,0,0,3,42,3.903,0,127,1
58,4,5,1,2,2,3,1,1,5,117,5.021,0,139,1
120,8,7,0,2,2,12,1,0,5,47,4.15,1,80,1
105,5,3,2,3,5,5,0,0,5,66,5.114,1,179,1
30,2,1,0,0,2,4,1,0,0,14,3.525,0,2567,0
123,4,7,0,3,2,9,0,0,3,100,4.9,1,100,1
21,3,0,0,0,2,4,1,0,0,27,2.953,0,3778,0
37,1,0,0,0,0,1,1,0,0,5,3.684,0,4749,0
43,2,0,0,1,0,3,1,0,0,24,3.652,0,1285,0
86,7,5,1,2,5,4,0,1,4,114,4.777,1,153,1
190,3,2,1,3,1,10,1,1,5,73,5.107,1,53,1
59,2,0,0,0,1,3,1,0,1,11,2.78,0,2346,0
164,5,2,1,3,4,5,1,1,2,25,4.428,1,115,1
28,3,1,0,1,2,4,1,0,1,29,3.503,0,3371,0
112,5,4,1,2,2,5,1,0,5,53,4.755,1,151,1
22,1,0,0,0,2,2,1,0,1,16,2.998,0,1838,0
111,3,4,0,2,1,6,1,1,3,26,5.291,0,74,1
47,3,1,0,0,0,0,1,0,0,25,3.835,0,491,0
161,5,4,0,2,1,7,1,1,5,40,4.143,1,48,1
54,2,1,0,0,0,0,1,0,0,9,2.983,0,2255,0
144,9,7,0,4,5,14,0,1,3,58,4.961,1,15,1
76,9,4,1,1,3,4,0,1,2,104,5.308,1,77,1
33,3,1,0,1,1,3,1,0,1,10,3.137,0,2808,0
165,7,2,1,4,2,4,1,1,4,44,5.262,1,107,1
45,3,1,0,1,2,4,1,0,1,3,3.078,0,1408,0
43,2,1,0,1,1,1,1,0,0,3,2.639,0,2805,0
135,9,5,0,2,2,4,1,1,3,30,3.507,0,64,1
29,1,0,0,1,2,1,1,0,1,28,3.426,0,737,0
56,3,0,0,1,1,0,1,0,1,27,2.891,0,4088,0
134,9,2,1,3,1,13,0,1,2,56,4.17,1,47,1
29,3,0,0,1,0,1,1,0,0,28,3.793,0,4029,0
192,9,7,0,1,4,4,0,1,3,86,3.628,1,1,1
162,6,6,2,2,3,12,0,1,5,42,3.57,0,54,1
27,3,1,0,1,0,3,1,0,0,25,2.818,0,374,0
36,3,1,0,0,2,1,1,0,1,25,3.611,0,4706,0
35,2,1,0,0,2,0,1,0,0,25,3.606,0,1634,0
44,2,1,0,0,1,0,1,0,1,25,3.19,0,3355,0
149,4,3,0,2,2,11,1,1,4,51,3.915,1,78,1
15,3,0,0,1,1,1,1,0,0,0,3.886,0,1289,0
122,9,7,2,2,4,11,0,0,5,71,4.129,0,58,1
188,6,2,2,1,5,9,0,1,5,65,4.648,1,81,1
35,2,1,0,0,1,2,1,0,1,18,3.919,0,4162,0
56,3,5,1,1,4,5,0,1,4,31,5.452,1,25,1
38,2,0,0,0,1,4,1,0,1,24,3.843,0,1912,0
161,9,7,2,2,1,4,1,1,2,67,4.97,0,159,1
93,4,2,1,3,4,12,0,0,4,91,4.442,1,92,1
135,6,5,1,3,3,7,1,0,4,26,4.167,1,87,1
69,7,5,1,2,2,5,0,0,3,61,4.765,0,59,1
133,7,6,0,4,5,9,0,1,5,104,4.358,1,3,1
161,3,3,0,3,1,12,0,1,4,57,4.487,0,50,1
149,3,4,2,2,1,13,0,0,5,35,4.205,1,175,1
140,6,6,2,4,3,9,0,0,4,32,3.951,1,64,1
45,3,1,0,1,0,3,1,0,0,23,2.708,0,1523,0
118,8,6,1,2,5,6,0,0,2,34,4.883,1,59,1
38,3,1,0,0,0,4,1,0,0,27,3.126,0,1828,0
58,2,0,0,0,1,2,1,0,1,17,3.778,0,4903,0
108,3,2,0,4,4,8,1,1,5,57,5.436,1,71,1
21,2,0,0,0,2,4,1,0,0,27,3.416,0,588,0
87,6,4,1,4,1,11,0,1,4,23,4.219,0,93,1
17,3,0,0,1,0,0,1,0,0,27,3.422,0,697,0
35,2,0,0,0,0,3,1,0,1,13,3.175,0,4831,0
37,1,1,0,0,1,3,1,0,0,2,2.979,0,3926,0
187,5,3,0,4,2,10,1,0,2,108,4.454,1,57,1
198,3,6,1,4,3,3,0,0,4,36,5.036,1,48,1
37,3,1,0,1,2,3,1,0,0,26,3.204,0,3192,0
148,4,2,2,1,3,14,0,1,4,78,4.007,1,107,1
111,9,6,2,2,4,12,0,1,2,39,4.541,1,81,1
108,4,6,0,4,1,6,1,0,5,73,3.728,0,106,1
52,1,1,0,0,2,3,1,0,0,10,3.391,0,1266,0
68,6,2,0,3,1,14,0,0,4,34,4.129,1,8,1
151,4,4,0,4,5,6,1,1,3,33,5.09,0,83,1
49,1,0,0,1,1,0,1,0,1,10,2.96,0,2710,0
194,5,2,0,3,1,4,0,1,5,116,3.808,1,116,1
77,9,6,1,1,4,7,1,1,4,102,4.038,1,172,1
27,3,1,0,1,0,2,1,0,1,2,3.005,0,4550,0
21,2,0,0,0,2,0,1,0,0,15,2.673,0,1191,0
22,1,0,0,0,0,2,1,0,1,7,2.599,0,853,0
120,4,3,2,2,4,3,0,0,3,65,5.393,1,80,1
24,1,1,0,1,1,0,1,0,0,4,2.873,0,2725,0
152,3,5,1,3,2,7,0,1,3,102,5.373,1,108,1
159,5,3,1,2,1,7,0,0,4,86,4.56,1,93,1
74,8,4,0,2,5,6,1,1,4,37,4.264,1,78,1
24,2,1,0,1,2,3,1,0,0,29,2.988,0,702,0
45,2,0,0,1,0,4,1,0,1,13,3.783,0,2268,0
194,7,2,0,1,5,8,1,0,3,80,4.564,1,47,1
23,1,1,0,1,1,1,1,0,1,27,3.249,0,4383,0
57,3,0,0,0,0,3,1,0,0,8,2.638,0,4863,0
16,3,0,0,0,2,4,1,0,0,1,3.19,0,4215,0
112,6,5,0,1,1,11,0,1,3,111,4.792,1,140,1
28,1,1,0,1,2,4,1,0,0,23,3.208,0,2138,0
194,4,3,0,2,4,5,0,1,3,110,4.52,1,83,1
46,3,1,0,1,2,1,1,0,1,18,3.112,0,1929,0
83,6,2,2,2,5,6,0,0,4,35,4.018,1,74,1
130,9,3,2,1,4,12,1,0,4,27,4.232,1,115,1
34,3,1,0,0,2,3,1,0,0,22,2.851,0,3078,0
42,1,0,0,1,1,2,1,0,0,8,3.913,0,4233,0
143,3,7,1,4,4,12,0,1,5,49,4.276,1,144,1
56,1,1,0,0,0,0,1,0,1,16,3.488,0,789,0
81,7,3,0,3,3,5,1,0,2,33,4.551,0,24,1
197,7,2,1,4,1,6,1,0,2,36,3.658,1,66,1
198,9,7,0,4,2,9,1,0,5,86,4.421,1,79,1
40,1,0,0,1,2,1,1,0,1,6,3.999,0,3522,0
38,1,0,0,0,1,4,1,0,1,13,3.032,0,4774,0
44,3,0,0,0,1,4,1,0,1,22,2.84,0,1111,0
187,6,3,2,3,3,5,1,1,5,22,4.371,0,107,1
154,9,5,0,3,4,12,0,0,4,110,4.45,1,101,1
54,3,1,0,0,1,1,1,0,1,7,3.312,0,4932,0
81,8,5,2,3,5,7,1,0,4,42,4.318,1,142,1
20,3,0,0,1,0,2,1,0,1,1,3.893,0,589,0
29,1,0,0,1,0,2,1,0,0,2,3.026,0,4500,0
190,6,6,0,2,1,9,0,1,3,94,4.592,1,73,1
129,5,7,2,3,1,4,0,1,3,100,3.754,0,34,1
57,2,0,0,0,2,2,1,0,1,4,2.504,0,1823,0
98,3,3,2,4,3,11,1,0,4,79,5.459,1,32,1
134,6,2,1,4,3,10,0,1,5,67,4.933,1,87,1
26,3,0,0,1,0,3,1,0,0,18,2.535,0,4791,0
25,2,1,0,0,2,2,1,0,1,11,3.762,0,1331,0
150,9,4,0,2,2,12,0,1,4,78,3.507,1,160,1
49,2,0,0,1,2,3,1,0,1,21,2.703,0,4444,0
139,4,2,0,3,4,7,0,1,2,43,4.167,0,108,1
52,3,0,0,1,2,4,1,0,1,13,3.096,0,1234,0
76,9,4,2,1,2,12,0,0,5,34,5.034,1,134,1
39,2,1,0,0,0,3,1,0,1,3,3.338,0,1381,0
78,7,7,2,4,2,8,1,0,2,75,3.782,1,55,1
77,5,7,1,3,4,8,0,0,5,58,3.539,1,92,1
41,2,0,0,0,1,1,1,0,0,14,3.836,0,2537,0
50,1,0,0,0,2,1,1,0,0,14,3.931,0,4866,0
24,1,1,0,1,0,0,1,0,1,6,3.225,0,3144,0
187,6,2,1,3,3,14,0,0,3,41,5.405,1,73,1
26,2,0,0,1,1,1,1,0,0,6,3.118,0,1952,0
43,3,0,0,0,2,3,1,0,1,5,3.579,0,1026,0
148,7,6,1,1,5,10,1,0,2,87,4.357,1,49,1
58,1,0,0,0,2,1,1,0,1,2,3.738,0,3684,0
30,1,1,0,0,2,0,1,0,1,7,2.791,0,2220,0
35,2,1,0,0,1,1,1,0,1,29,3.592,0,3343,0
162,8,4,1,2,2,3,1,0,3,48,5.154,1,117,1
42,3,0,0,1,1,3,1,0,0,21,2.525,0,2587,0
40,3,1,0,1,2,1,1,0,0,1,3.878,0,1319,0
75,4,4,2,1,4,3,1,0,3,88,4.576,1,156,1
59,2,1,0,0,2,0,1,0,0,25,3.574,0,4938,0
161,9,4,0,1,3,14,1,1,3,70,4.888,1,104,1
52,3,1,0,0,0,0,1,0,0,24,3.395,0,4676,0
37,2,1,0,1,2,2,1,0,1,10,3.362,0,608,0
106,3,7,2,3,4,3,0,1,5,31,5.098,1,86,1
110,6,3,2,3,3,5,0,1,2,69,4.158,1,58,1
84,9,2,2,1,3,14,0,0,2,92,4.013,1,84,1
54,4,3,2,4,3,8,0,1,3,57,4.555,0,52,1
178,8,4,1,3,3,13,1,0,4,104,5.086,1,136,1
72,6,5,0,2,3,4,1,1,2,119,3.942,1,134,1
98,4,3,1,2,3,14,0,1,5,61,4.754,0,34,1
190,8,3,0,1,2,5,0,1,2,93,3.932,0,57,1
38,3,1,0,1,2,3,1,0,0,26,3.663,0,1400,0
171,5,6,2,2,1,9,1,1,5,31,3.72,1,80,1
23,2,0,0,0,0,1,1,0,1,24,2.886,0,1046,0
133,6,4,0,2,2,11,1,1,2,92,4.308,1,136,1
37,3,0,0,0,0,0,1,0,0,14,3.445,0,4454,0
29,2,1,0,0,0,3,1,0,1,17,3.399,0,2071,0
25,1,1,0,1,2,4,1,0,1,23,3.749,0,2798,0
44,3,0,0,1,0,0,1,0,0,28,2.873,0,1315,0
31,2,0,0,1,0,1,1,0,1,5,2.967,0,4096,0
51,5,5,0,3,3,10,0,1,3,55,4.613,0,133,1
19,2,1,0,1,0,1,1,0,1,21,3.602,0,758,0
54,5,7,0,4,1,8,0,1,5,106,4.177,0,38,1
96,3,7,2,4,2,4,0,1,2,83,3.865,1,130,1
60,5,7,2,2,1,12,0,0,3,89,3.862,1,110,1
172,4,6,2,4,1,3,1,0,2,117,5.013,1,89,1
105,8,7,1,1,4,6,0,0,3,84,3.69,1,10,1
145,5,4,1,3,3,6,1,1,3,82,4.056,1,103,1
156,7,4,0,1,2,12,0,0,3,92,5.109,1,87,1
161,9,7,0,1,5,7,0,0,5,113,3.8,1,63,1
28,2,0,0,0,2,4,1,0,0,5,3.32,0,2751,0
59,7,6,0,4,2,9,1,1,5,105,3.955,0,46,1
67,3,3,2,3,2,8,0,1,4,30,4.172,1,25,1
165,3,4,2,3,3,14,0,1,5,52,5.334,1,41,1
106,5,7,1,4,4,5,0,0,5,21,5.361,1,70,1
96,9,5,0,4,5,13,0,1,5,24,4.808,1,22,1
137,4,5,1,4,5,4,0,1,5,71,4.213,0,90,1
72,7,6,0,1,2,8,1,1,5,47,3.926,0,112,1
166,8,4,2,3,4,5,0,1,2,25,3.536,1,30,1
32,3,0,0,1,2,1,1,0,0,17,2.565,0,2759,0
118,7,6,2,2,3,3,1,0,4,24,5.116,0,107,1
118,3,6,2,2,5,14,0,1,2,46,4.451,1,147,1
160,4,2,1,4,2,4,1,1,5,108,4.323,0,112,1
168,9,5,0,2,4,6,1,1,3,118,5.201,0,12,1
35,2,1,0,0,1,1,1,0,1,20,2.669,0,1606,0
34,3,1,0,0,0,2,1,0,0,7,3.361,0,3631,0
145,4,3,1,3,4,6,0,1,3,28,4.622,1,95,1
128,7,3,0,2,1,7,0,1,5,39,3.961,1,77,1
32,3,1,0,0,1,0,1,0,0,13,3.874,0,4399,0
163,6,6,2,1,1,13,1,1,5,43,4.277,1,36,1
88,4,6,2,2,4,13,1,1,2,119,3.559,0,137,1
18,2,1,0,0,0,4,1,0,0,24,3.621,0,2573,0
38,1,0,0,0,0,0,1,0,1,21,3.442,0,730,0
36,1,1,0,0,0,1,1,0,1,24,3.403,0,4841,0
68,7,3,2,2,3,9,0,1,3,96,4.706,1,163,1
113,4,2,2,4,2,10,0,0,4,36,5.176,1,64,1
111,8,6,2,3,2,5,1,0,4,110,5.0,0,89,1
108,7,2,1,4,1,11,1,1,3,46,5.041,1,94,1
109,7,4,0,4,4,9,0,1,5,34,4.959,0,28,1
135,5,3,2,3,1,11,1,1,2,118,5.01,1,133,1
178,8,4,1,4,2,9,0,1,5,76,4.218,1,79,1
156,4,5,0,3,1,9,0,1,3,97,4.345,1,103,1
71,3,5,1,4,3,7,1,0,5,117,4.552,1,77,1
77,6,5,2,1,2,14,0,1,4,57,3.868,1,26,1
168,6,2,0,2,4,10,0,0,2,73,5.33,1,141,1
122,6,7,2,4,2,14,1,1,5,56,4.036,0,138,1
55,7,6,0,2,5,5,0,1,4,48,5.259,0,10,1
174,8,2,0,4,4,4,0,1,2,74,4.664,0,1,1
116,6,5,2,1,1,14,1,1,2,94,5.305,1,125,1
49,2,0,0,0,0,3,1,0,1,0,2.781,0,1910,0
23,2,0,0,1,0,4,1,0,1,20,3.285,0,1718,0
27,3,0,0,1,1,4,1,0,1,18,3.05,0,1527,0
198,4,3,2,1,3,13,0,1,2,81,4.892,1,87,1
35,1,1,0,0,1,4,1,0,1,28,3.297,0,2706,0
49,2,0,0,1,0,2,1,0,1,26,2.51,0,1258,0
37,2,1,0,1,1,1,1,0,1,8,2.963,0,1600,0
196,3,7,2,1,5,9,0,1,2,28,4.085,1,19,1
116,8,2,1,3,4,10,0,1,2,86,4.874,1,69,1
127,5,3,1,2,5,7,0,0,5,45,4.196,1,113,1
132,7,5,0,4,5,7,0,1,4,23,5.382,1,114,1
18,3,1,0,1,1,1,1,0,0,22,3.56,0,3738,0
45,1,1,0,1,2,2,1,0,0,29,3.193,0,608,0
53,1,1,0,1,0,1,1,0,0,10,2.546,0,2012,0
141,3,3,0,4,1,10,0,0,3,26,5.293,1,55,1
109,7,4,1,4,1,7,1,0,5,94,5.128,1,7,1
50,2,0,0,1,0,1,1,0,1,28,3.487,0,1218,0
192,4,4,1,3,1,12,1,0,5,107,5.006,0,36,1
57,5,6,2,2,5,8,0,0,5,64,4.745,1,87,1
15,1,0,0,1,0,2,1,0,1,18,2.928,0,1082,0
197,3,6,2,4,5,6,1,0,5,100,4.36,0,134,1
34,1,1,0,1,2,0,1,0,0,17,2.63,0,4571,0
24,3,0,0,1,1,3,1,0,0,16,2.724,0,814,0
39,1,0,0,1,0,0,1,0,0,24,3.366,0,1814,0
185,7,4,0,1,1,8,0,1,2,81,5.484,0,169,1
23,3,0,0,0,1,0,1,0,1,20,3.622,0,1253,0
20,2,0,0,0,0,2,1,0,1,24,3.724,0,1175,0
80,5,6,2,2,2,3,0,0,4,43,4.154,1,105,1
131,7,4,0,3,2,13,0,1,3,97,3.546,1,50,1
192,6,7,1,4,2,8,0,0,4,42,3.584,1,166,1
30,2,1,0,1,0,4,1,0,1,6,3.945,0,1092,0
65,9,7,2,3,5,8,0,1,5,49,4.041,0,139,1
51,3,1,0,1,0,2,1,0,0,25,2.75,0,3334,0
50,1,0,0,0,2,2,1,0,1,2,3.163,0,3004,0
53,1,0,0,0,1,2,1,0,1,8,2.579,0,4437,0
25,3,0,0,0,0,3,1,0,0,14,2.549,0,2409,0
27,1,0,0,0,0,2,1,0,1,17,2.584,0,3580,0
58,3,0,0,1,1,4,1,0,0,5,3.006,0,2370,0
47,1,1,0,0,1,3,1,0,1,27,3.744,0,561,0
160,9,4,0,4,4,11,1,1,5,88,4.595,1,48,1
190,6,3,1,3,2,6,0,1,5,116,4.127,1,57,1
27,2,1,0,0,1,1,1,0,1,21,2.958,0,4173,0
101,9,6,1,1,2,9,1,1,2,47,4.818,1,132,1
32,2,0,0,1,0,3,1,0,0,25,3.162,0,1255,0
137,8,5,1,3,5,14,0,0,5,88,4.016,0,132,1
54,3,1,0,0,2,3,1,0,1,16,3.498,0,3578,0
150,5,3,2,3,1,7,1,0,4,114,4.564,1,133,1
59,2,0,0,1,2,0,1,0,0,3,3.166,0,2016,0
60,9,3,0,4,5,12,0,0,4,34,4.251,1,134,1
46,1,1,0,1,0,3,1,0,0,16,2.743,0,2780,0
50,3,1,0,0,0,0,1,0,1,14,2.901,0,4020,0
36,1,1,0,1,2,3,1,0,1,10,2.632,0,2762,0
28,2,1,0,0,1,2,1,0,0,21,3.516,0,3999,0
168,9,3,2,2,5,14,0,0,4,86,5.423,1,161,1
155,8,2,2,3,5,3,0,0,5,44,4.726,0,105,1
56,1,1,0,0,1,2,1,0,0,18,2.72,0,4129,0
54,3,0,0,0,0,1,1,0,1,7,2.874,0,1570,0
24,1,0,0,0,0,2,1,0,1,22,2.747,0,1924,0
57,2,0,0,1,1,1,1,0,0,24,2.796,0,1269,0
24,2,1,0,0,0,3,1,0,0,14,3.774,0,1113,0
33,2,0,0,1,1,3,1,0,1,19,3.67,0,729,0
42,2,1,0,1,1,0,1,0,0,8,3.158,0,4176,0
33,1,1,0,1,1,0,1,0,0,4,3.013,0,1774,0
43,2,0,0,1,2,0,1,0,1,7,2.982,0,1338,0
36,3,0,0,1,2,4,1,0,1,25,3.791,0,2080,0
27,1,1,0,1,0,3,1,0,0,2,3.141,0,3211,0
38,2,0,0,0,1,0,1,0,1,26,3.671,0,4510,0
134,7,6,2,2,2,4,0,1,3,58,4.979,1,65,1
135,6,7,1,3,3,9,0,1,4,63,4.393,1,115,1
17,2,1,0,0,0,1,1,0,0,28,2.651,0,722,0
59,2,0,0,0,2,0,1,0,1,19,2.594,0,840,0
35,2,1,0,1,1,2,1,0,1,4,2.869,0,4809,0
156,4,6,0,4,4,5,0,1,3,43,4.21,0,176,1
39,2,0,0,0,2,2,1,0,1,4,2.572,0,1489,0
43,1,1,0,0,1,1,1,0,0,21,2.552,0,409,0
136,7,2,1,4,5,12,0,0,4,27,4.687,1,160,1
138,5,5,2,2,3,11,0,1,2,69,4.499,1,171,1
39,3,0,0,1,1,0,1,0,0,10,2.902,0,2261,0
81,3,5,1,4,2,9,0,1,3,95,4.889,1,81,1
43,3,0,0,1,2,4,1,0,0,18,3.825,0,4451,0
51,4,2,1,2,3,5,0,1,5,44,4.941,1,17,1
154,5,5,1,3,4,3,1,0,5,77,4.249,1,153,1
56,2,0,0,0,1,2,1,0,1,17,3.124,0,2982,0
156,3,2,2,1,2,5,1,0,3,82,4.037,1,70,1
43,1,1,0,0,0,0,1,0,1,19,2.855,0,4677,0
65,5,7,0,3,5,3,1,1,3,110,4.225,1,26,1
46,3,0,0,1,0,3,1,0,1,4,2.874,0,2043,0
118,7,6,1,3,5,10,1,0,2,28,4.527,0,5,1
45,3,0,0,1,0,0,1,0,0,5,3.408,0,2951,0
53,2,1,0,0,2,4,1,0,0,11,3.613,0,3528,0
30,2,1,0,0,2,1,1,0,1,27,3.561,0,4910,0
36,2,0,0,0,1,2,1,0,1,12,2.724,0,4225,0
49,3,0,0,1,0,0,1,0,1,10,3.544,0,3369,0
33,3,1,0,1,0,4,1,0,0,25,3.023,0,4398,0
19,3,1,0,0,1,2,1,0,0,16,3.824,0,4889,0
28,3,1,0,0,1,3,1,0,1,1,2.721,0,3350,0
55,2,0,0,0,2,3,1,0,0,22,3.701,0,393,0
15,1,0,0,0,0,2,1,0,1,13,3.416,0,2461,0
83,7,2,2,4,2,12,0,1,5,106,4.819,0,95,1
37,3,0,0,1,2,1,1,0,0,6,3.73,0,4009,0
191,5,3,0,1,3,3,1,0,4,76,3.668,0,13,1
38,1,1,0,0,1,3,1,0,1,29,2.554,0,527,0
69,3,6,1,3,1,7,0,1,4,41,5.194,1,126,1
25,3,1,0,1,1,0,1,0,0,25,2.851,0,2435,0
97,6,5,0,4,1,7,1,1,2,81,3.778,0,140,1
68,6,5,1,2,5,6,0,1,5,90,5.474,1,176,1
159,6,4,2,3,4,9,1,1,4,64,4.514,1,50,1
43,1,0,0,1,0,1,1,0,0,14,2.82,0,3359,0
136,9,3,0,2,2,14,1,1,4,107,5.091,1,145,1
53,1,0,0,0,1,4,1,0,0,26,3.432,0,1554,0
182,7,5,1,3,2,12,0,1,5,106,4.795,1,176,1
16,3,1,0,0,0,3,1,0,1,3,3.662,0,2581,0
30,1,1,0,0,2,4,1,0,0,18,3.619,0,3561,0
16,3,1,0,1,1,1,1,0,0,18,2.926,0,4079,0
38,3,1,0,0,1,0,1,0,0,19,2.597,0,1249,0
80,9,7,0,3,1,6,1,0,4,99,4.307,1,173,1
29,3,0,0,1,0,2,1,0,1,19,3.231,0,1542,0
44,1,1,0,0,1,4,1,0,0,0,3.609,0,2931,0
42,2,0,0,0,1,1,1,0,0,17,2.785,0,1444,0
151,4,5,0,1,4,12,0,1,5,43,5.356,0,103,1
191,7,3,2,3,2,3,0,1,3,63,4.842,1,38,1
72,4,2,0,2,3,3,1,1,5,96,3.576,1,173,1
74,6,5,0,2,2,3,0,1,5,111,4.539,1,174,1
31,1,1,0,1,0,0,1,0,1,16,3.038,0,4889,0
102,7,2,1,4,5,7,1,1,2,38,4.021,1,37,1
25,1,0,0,0,0,1,1,0,1,14,3.634,0,3467,0
22,3,1,0,1,1,3,1,0,1,15,2.758,0,800,0
62,5,5,2,1,5,13,1,0,5,75,4.403,1,44,1
89,3,5,1,4,4,4,1,1,3,33,5.247,1,62,1
63,5,6,2,1,3,12,0,0,3,101,3.563,1,48,1
90,9,6,2,3,2,6,0,1,4,115,3.999,1,69,1
39,1,1,0,1,2,4,1,0,0,0,3.66,0,4388,0
44,1,1,0,0,1,2,1,0,1,8,3.93,0,3785,0
37,2,0,0,1,2,2,1,0,0,1,3.785,0,3516,0
43,3,0,0,0,1,1,1,0,0,10,3.368,0,2623,0
80,9,2,0,4,4,13,0,1,5,115,4.12,1,157,1
86,5,7,2,1,2,9,0,1,5,22,5.292,1,67,1
193,7,6,0,3,5,10,1,1,3,90,4.63,0,105,1
112,7,2,2,3,1,3,0,1,3,47,3.948,1,143,1
29,3,0,0,1,1,1,1,0,1,22,3.297,0,729,0
172,5,7,0,4,3,4,0,0,4,63,4.047,1,107,1
47,3,1,0,1,0,0,1,0,1,28,3.589,0,1919,0
35,3,0,0,1,1,2,1,0,0,15,3.044,0,4123,0
148,9,5,0,4,4,8,0,1,4,43,4.059,1,66,1
27,3,0,0,1,1,3,1,0,1,3,3.635,0,3429,0
56,2,1,0,0,2,3,1,0,0,15,3.497,0,2927,0
15,1,1,0,0,2,2,1,0,0,14,3.141,0,1849,0
39,2,1,0,1,1,4,1,0,0,28,3.005,0,629,0
18,3,1,0,0,1,3,1,0,0,16,3.835,0,1736,0
19,1,1,0,0,2,0,1,0,0,10,2.906,0,4888,0
124,3,7,2,1,3,5,0,0,5,63,3.819,0,133,1
17,3,1,0,0,0,2,1,0,0,1,3.793,0,4981,0
34,1,0,0,0,2,0,1,0,0,19,3.931,0,4565,0
53,2,0,0,0,0,0,1,0,1,16,2.9,0,4462,0
53,2,0,0,0,0,2,1,0,0,2,2.777,0,2760,0
179,7,2,2,3,3,12,0,1,4,108,3.966,1,25,1
130,5,6,2,2,2,5,1,0,2,67,3.82,1,23,1
80,8,3,0,2,2,9,1,1,2,71,4.99,0,84,1
56,6,5,2,1,3,4,0,1,5,25,5.247,1,30,1
40,2,1,0,0,1,0,1,0,0,7,2.865,0,3635,0
59,3,2,0,4,3,5,0,0,5,54,5.322,1,109,1
145,7,7,0,1,5,10,0,0,5,45,4.289,0,161,1
142,3,3,2,1,4,3,1,1,2,55,3.71,1,131,1
44,1,0,0,0,1,4,1,0,1,14,2.716,0,1952,0
124,8,2,1,3,4,7,0,1,3,43,4.042,0,51,1
40,3,0,0,1,1,3,1,0,0,10,3.792,0,1052,0
50,3,0,0,1,1,2,1,0,1,5,3.953,0,1051,0
55,3,1,0,0,0,0,1,0,1,24,3.356,0,956,0
86,9,7,0,1,2,8,0,0,4,105,4.664,1,78,1
47,1,1,0,0,2,0,1,0,1,13,2.952,0,3755,0
30,3,0,0,0,0,4,1,0,1,24,2.658,0,3024,0
63,8,4,0,3,2,10,0,0,3,114,4.505,0,25,1
56,5,6,1,4,5,5,0,0,4,94,5.47,0,41,1
18,2,0,0,1,1,0,1,0,1,10,3.924,0,3326,0
51,2,1,0,0,0,2,1,0,0,19,2.6,0,1001,0
55,2,0,0,1,2,0,1,0,1,22,3.193,0,3307,0
62,5,4,1,1,3,7,0,0,5,71,5.314,0,136,1
25,2,0,0,0,1,1,1,0,1,5,2.525,0,1920,0
25,3,0,0,0,0,1,1,0,1,25,3.002,0,3745,0
46,1,0,0,1,1,4,1,0,1,5,2.5,0,4503,0
16,2,0,0,0,0,0,1,0,0,29,2.717,0,2072,0
155,6,5,2,2,2,9,1,0,2,101,4.641,1,66,1
35,3,0,0,1,2,3,1,0,0,26,3.585,0,3327,0
134,3,3,2,4,4,13,0,0,2,50,3.59,1,72,1
16,1,0,0,0,2,1,1,0,0,14,3.259,0,4548,0
37,2,1,0,0,1,0,1,0,0,2,2.846,0,1806,0
183,5,4,0,4,3,10,1,0,2,34,4.808,0,28,1
45,2,1,0,1,1,2,1,0,0,11,3.104,0,1629,0
17,1,1,0,0,0,4,1,0,1,1,2.688,0,689,0
124,9,3,2,3,3,5,1,0,3,112,5.254,1,10,1
183,8,2,2,4,5,12,1,1,5,59,4.629,1,62,1
19,1,0,0,1,2,4,1,0,0,22,2.561,0,2240,0
52,3,0,0,0,2,2,1,0,1,11,3.932,0,4350,0
154,7,6,0,3,3,14,0,1,3,86,5.19,0,144,1
144,9,5,0,3,2,13,1,1,2,98,4.408,1,34,1
42,2,0,0,0,0,0,1,0,0,2,2.847,0,2855,0
122,6,6,0,2,3,13,0,0,5,97,3.921,1,172,1
27,3,0,0,1,0,0,1,0,1,1,3.875,0,2970,0
79,9,3,2,3,1,14,0,1,3,111,5.262,0,36,1
95,5,5,1,4,4,3,0,1,3,36,4.856,1,44,1
46,3,0,0,0,1,4,1,0,1,18,2.561,0,4265,0
85,6,7,0,3,4,5,1,0,3,64,5.386,1,157,1
30,1,1,0,0,1,3,1,0,0,10,3.993,0,1950,0
70,9,5,0,2,5,13,0,0,5,97,4.776,1,41,1
35,2,0,0,1,2,2,1,0,1,5,3.141,0,2832,0
23,1,0,0,1,0,4,1,0,1,8,2.671,0,901,0
128,6,7,1,4,2,11,0,1,5,98,5.133,1,17,1
31,1,0,0,1,0,4,1,0,0,2,3.202,0,4981,0
108,8,3,1,1,1,11,0,1,3,92,3.879,1,38,1
57,3,1,0,0,1,0,1,0,0,6,3.136,0,4771,0
138,7,3,1,2,4,10,0,1,2,76,5.465,1,150,1
56,8,3,0,2,3,7,0,1,5,101,4.896,1,84,1
18,1,0,0,0,2,3,1,0,0,22,2.582,0,1833,0
55,5,7,0,1,4,5,1,0,3,62,5.426,1,46,1
161,9,6,2,3,2,4,0,1,3,38,3.855,0,112,1
